"Date","Price","Open","High","Low","Change %"
"Sep 20, 2021","43,810.8","47,233.1","47,321.3","43,281.6","-7.25%"
"Sep 19, 2021","47,233.1","48,293.7","48,352.2","46,800.0","-2.20%"
"Sep 18, 2021","48,293.7","47,274.4","48,775.0","47,064.5","2.16%"
"Sep 17, 2021","47,274.4","47,753.8","48,139.2","46,793.8","-1.00%"
"Sep 16, 2021","47,753.8","48,124.6","48,467.1","47,029.3","-0.77%"
"Sep 15, 2021","48,124.6","47,077.9","48,411.8","46,729.5","2.22%"
"Sep 14, 2021","47,077.9","44,932.6","47,210.4","44,678.6","4.77%"
"Sep 13, 2021","44,932.6","46,040.9","46,829.8","43,413.1","-2.43%"
"Sep 12, 2021","46,053.6","45,153.2","46,400.0","44,742.0","1.99%"
"Sep 11, 2021","45,153.2","44,850.7","45,962.0","44,736.7","0.67%"
"Sep 10, 2021","44,850.7","46,359.8","47,035.4","44,201.0","-3.26%"
"Sep 09, 2021","46,359.8","46,059.3","47,397.2","45,526.9","0.65%"
"Sep 08, 2021","46,059.3","46,846.5","47,316.6","44,459.5","-1.67%"
"Sep 07, 2021","46,839.3","52,656.2","52,881.6","43,002.9","-11.05%"
"Sep 06, 2021","52,656.2","51,764.7","52,741.5","50,990.8","1.72%"
"Sep 05, 2021","51,764.7","49,909.6","51,879.9","49,485.0","3.72%"
"Sep 04, 2021","49,909.6","49,997.0","50,520.7","49,401.8","-0.17%"
"Sep 03, 2021","49,997.0","49,253.3","50,985.0","48,338.9","1.51%"
"Sep 02, 2021","49,253.3","48,835.5","50,366.8","48,597.1","0.86%"
"Sep 01, 2021","48,835.5","47,124.1","49,126.3","46,533.4","3.63%"
"Aug 31, 2021","47,124.1","46,966.9","48,180.8","46,709.2","0.33%"
"Aug 30, 2021","46,966.9","48,771.6","48,883.5","46,875.0","-3.70%"
"Aug 29, 2021","48,771.6","48,882.0","49,589.5","47,802.6","-0.23%"
"Aug 28, 2021","48,882.0","49,039.5","49,263.2","48,375.0","-0.32%"
"Aug 27, 2021","49,039.5","46,857.4","49,116.4","46,375.2","4.66%"
"Aug 26, 2021","46,857.4","48,979.1","49,330.0","46,297.2","-4.33%"
"Aug 25, 2021","48,979.1","47,688.2","49,221.1","47,149.6","2.71%"
"Aug 24, 2021","47,688.2","49,518.1","49,838.0","47,630.0","-3.73%"
"Aug 23, 2021","49,534.5","49,280.8","50,460.4","49,055.4","0.51%"
"Aug 22, 2021","49,280.8","48,830.6","49,466.1","48,056.6","0.92%"
"Aug 21, 2021","48,830.6","49,307.9","49,745.0","48,267.8","-0.97%"
"Aug 20, 2021","49,307.9","46,742.3","49,345.0","46,655.3","5.49%"
"Aug 19, 2021","46,742.3","44,706.2","46,986.1","43,953.1","4.55%"
"Aug 18, 2021","44,706.2","44,684.0","45,983.2","44,235.8","0.05%"
"Aug 17, 2021","44,684.0","45,919.2","47,119.4","44,430.2","-2.69%"
"Aug 16, 2021","45,917.3","46,972.5","48,000.0","45,675.0","-2.25%"
"Aug 15, 2021","46,972.5","47,064.0","47,325.8","45,505.1","-0.19%"
"Aug 14, 2021","47,064.0","47,821.6","48,058.9","46,038.8","-1.54%"
"Aug 13, 2021","47,799.0","44,400.4","47,859.7","44,250.0","7.65%"
"Aug 12, 2021","44,400.4","45,544.4","46,209.3","43,801.6","-2.53%"
"Aug 11, 2021","45,555.0","45,581.6","46,722.0","45,360.7","-0.06%"
"Aug 10, 2021","45,581.6","46,286.6","46,674.7","44,632.1","-1.52%"
"Aug 09, 2021","46,286.6","43,820.4","46,439.4","42,829.3","5.63%"
"Aug 08, 2021","43,820.4","44,574.3","45,279.4","43,278.8","-1.69%"
"Aug 07, 2021","44,574.3","42,800.6","44,685.4","42,465.8","4.14%"
"Aug 06, 2021","42,800.6","40,853.1","43,320.6","39,890.2","4.77%"
"Aug 05, 2021","40,853.1","39,743.2","41,349.6","37,350.0","2.79%"
"Aug 04, 2021","39,745.0","38,189.2","39,957.0","37,525.0","4.07%"
"Aug 03, 2021","38,189.2","39,143.8","39,753.3","37,675.0","-2.44%"
"Aug 02, 2021","39,143.8","39,857.0","40,431.0","38,702.1","-1.79%"
"Aug 01, 2021","39,857.0","41,380.1","42,550.0","39,451.0","-3.68%"
"Jul 31, 2021","41,380.1","42,191.8","42,386.2","41,052.1","-1.92%"
"Jul 30, 2021","42,191.8","40,012.0","42,287.3","38,325.9","5.45%"
"Jul 29, 2021","40,012.0","40,019.9","40,600.0","39,287.7","-0.02%"
"Jul 28, 2021","40,019.9","39,489.8","40,830.7","38,800.0","1.34%"
"Jul 27, 2021","39,489.8","37,264.2","39,489.8","36,402.0","5.97%"
"Jul 26, 2021","37,264.2","35,374.2","40,559.5","35,209.8","5.34%"
"Jul 25, 2021","35,374.2","34,718.3","35,375.2","33,871.7","4.65%"
"Jul 24, 2021","33,802.0","33,589.1","33,999.8","33,400.3","0.83%"
"Jul 23, 2021","33,523.3","32,292.8","33,582.6","31,999.6","3.81%"
"Jul 22, 2021","32,292.8","32,131.0","32,575.1","31,725.0","0.54%"
"Jul 21, 2021","32,119.5","29,789.7","32,749.4","29,469.6","7.82%"
"Jul 20, 2021","29,789.7","30,825.2","31,036.2","29,238.5","-3.36%"
"Jul 19, 2021","30,825.2","31,760.8","31,873.1","30,407.3","-2.95%"
"Jul 18, 2021","31,760.8","31,523.0","32,381.8","31,133.4","0.75%"
"Jul 17, 2021","31,523.0","31,402.8","31,921.7","31,194.0","0.38%"
"Jul 16, 2021","31,402.8","31,835.3","32,198.0","31,008.1","-1.36%"
"Jul 15, 2021","31,835.3","32,827.6","33,155.2","31,152.4","-3.02%"
"Jul 14, 2021","32,827.6","32,739.4","33,089.0","31,600.0","0.27%"
"Jul 13, 2021","32,739.4","33,105.5","33,320.8","32,224.4","-1.24%"
"Jul 12, 2021","33,150.0","34,222.4","34,638.5","32,671.7","-3.13%"
"Jul 11, 2021","34,222.4","33,521.7","34,569.3","33,325.0","2.09%"
"Jul 10, 2021","33,521.7","33,807.9","34,225.9","33,050.0","-0.85%"
"Jul 09, 2021","33,807.9","32,997.6","34,083.6","32,623.0","3.57%"
"Jul 08, 2021","32,643.4","33,796.3","33,929.5","32,118.6","-3.41%"
"Jul 07, 2021","33,796.3","34,239.4","35,045.6","33,796.3","-1.02%"
"Jul 06, 2021","34,144.7","33,720.4","34,800.0","33,720.4","1.25%"
"Jul 05, 2021","33,722.7","35,313.0","35,313.0","33,609.1","-4.50%"
"Jul 04, 2021","35,313.0","35,523.6","35,787.5","35,313.0","1.67%"
"Jul 03, 2021","34,732.8","33,806.9","34,732.8","33,556.8","2.74%"
"Jul 02, 2021","33,806.9","33,512.9","33,806.9","32,851.4","0.88%"
"Jul 01, 2021","33,512.9","35,028.1","35,028.1","33,180.8","-4.33%"
"Jun 30, 2021","35,028.1","35,928.9","35,928.9","34,294.8","-2.51%"
"Jun 29, 2021","35,928.9","34,502.8","36,417.0","34,498.8","4.25%"
"Jun 28, 2021","34,463.9","34,653.2","34,712.5","34,115.2","-0.55%"
"Jun 27, 2021","34,653.2","32,225.7","34,653.2","32,225.7","7.53%"
"Jun 26, 2021","32,225.7","31,565.3","32,225.7","30,992.4","2.09%"
"Jun 25, 2021","31,565.3","34,667.2","34,667.2","31,565.3","-8.95%"
"Jun 24, 2021","34,667.2","33,666.6","34,772.5","32,512.6","2.97%"
"Jun 23, 2021","33,666.6","32,454.3","34,464.2","32,454.3","3.74%"
"Jun 22, 2021","32,454.3","31,623.9","32,814.4","29,850.0","2.63%"
"Jun 21, 2021","31,623.9","35,615.1","35,615.1","31,623.9","-11.21%"
"Jun 20, 2021","35,615.1","35,523.7","35,730.6","33,368.7","0.26%"
"Jun 19, 2021","35,523.7","35,792.5","36,220.5","35,424.5","-0.75%"
"Jun 18, 2021","35,792.5","38,049.4","38,049.4","35,175.0","-5.93%"
"Jun 17, 2021","38,049.4","38,327.3","39,358.8","37,683.7","-0.73%"
"Jun 16, 2021","38,327.3","40,149.0","40,178.4","38,327.3","-4.54%"
"Jun 15, 2021","40,149.0","40,501.5","40,501.5","39,797.2","-0.87%"
"Jun 14, 2021","40,501.5","39,019.0","40,730.3","38,914.1","3.80%"
"Jun 13, 2021","39,019.0","35,523.2","39,106.4","35,011.9","9.84%"
"Jun 12, 2021","35,523.2","37,311.8","37,311.8","35,409.8","-4.79%"
"Jun 11, 2021","37,311.8","36,609.7","37,311.8","36,176.5","1.92%"
"Jun 10, 2021","36,609.7","37,353.1","38,198.0","36,221.5","-1.99%"
"Jun 09, 2021","37,353.1","33,355.3","37,353.1","32,609.0","11.99%"
"Jun 08, 2021","33,355.3","33,575.2","33,638.2","32,159.3","-0.66%"
"Jun 07, 2021","33,575.5","35,802.8","36,637.9","33,575.5","-6.22%"
"Jun 06, 2021","35,802.8","35,529.4","36,226.1","35,529.4","0.77%"
"Jun 05, 2021","35,529.4","36,844.7","37,784.8","34,954.3","-3.57%"
"Jun 04, 2021","36,844.7","39,225.9","39,225.9","36,623.8","-6.07%"
"Jun 03, 2021","39,225.9","37,569.6","39,225.9","37,551.1","4.41%"
"Jun 02, 2021","37,569.6","36,682.9","37,967.7","36,241.5","2.42%"
"Jun 01, 2021","36,682.9","37,278.4","37,296.2","35,822.7","-1.60%"
"May 31, 2021","37,278.4","35,644.3","37,278.4","34,221.7","4.58%"
"May 30, 2021","35,644.3","34,575.9","36,213.6","34,474.1","3.09%"
"May 29, 2021","34,575.9","35,673.8","36,908.9","34,038.7","-3.08%"
"May 28, 2021","35,673.8","38,473.7","38,473.7","35,387.5","-7.28%"
"May 27, 2021","38,473.7","39,173.1","39,986.6","37,250.0","-1.79%"
"May 26, 2021","39,173.1","38,373.7","40,370.2","38,000.5","2.08%"
"May 25, 2021","38,373.7","38,765.7","39,200.0","37,317.0","-1.01%"
"May 24, 2021","38,765.7","34,671.9","38,765.7","34,671.9","11.81%"
"May 23, 2021","34,671.9","37,498.8","37,979.6","32,552.9","-7.54%"
"May 22, 2021","37,498.8","37,245.7","38,247.4","36,199.4","0.70%"
"May 21, 2021","37,239.0","40,497.7","41,268.0","36,380.9","-8.05%"
"May 20, 2021","40,497.7","36,699.0","41,612.7","35,537.3","10.48%"
"May 19, 2021","36,655.3","42,865.8","42,865.8","36,655.3","-14.49%"
"May 18, 2021","42,865.8","43,532.2","45,437.6","42,865.8","-1.53%"
"May 17, 2021","43,532.2","46,409.8","46,409.8","42,953.1","-6.20%"
"May 16, 2021","46,409.8","46,691.8","49,327.2","45,146.4","-0.60%"
"May 15, 2021","46,691.8","49,844.5","49,844.5","46,691.8","-6.33%"
"May 14, 2021","49,844.5","49,635.4","51,368.5","49,462.9","0.42%"
"May 13, 2021","49,635.4","49,809.6","51,139.3","48,200.0","-0.35%"
"May 12, 2021","49,809.6","56,691.9","57,814.7","49,809.6","-12.14%"
"May 11, 2021","56,691.9","55,791.7","56,691.9","54,999.2","1.61%"
"May 10, 2021","55,791.7","58,231.6","58,959.7","55,452.8","-4.19%"
"May 09, 2021","58,231.6","58,834.3","59,043.6","57,341.1","-1.02%"
"May 08, 2021","58,834.3","57,355.7","59,024.8","57,355.7","2.58%"
"May 07, 2021","57,355.7","56,378.6","58,177.0","55,595.3","1.73%"
"May 06, 2021","56,378.6","57,427.1","57,600.0","55,400.0","-1.83%"
"May 05, 2021","57,427.1","53,036.3","57,427.1","53,036.3","7.70%"
"May 04, 2021","53,319.4","57,148.0","57,148.0","53,319.4","-6.70%"
"May 03, 2021","57,148.0","56,607.3","58,448.5","56,607.3","0.96%"
"May 02, 2021","56,607.3","57,795.1","57,795.1","56,315.6","-2.06%"
"May 01, 2021","57,795.1","57,724.1","58,153.2","57,262.9","0.12%"
"Apr 30, 2021","57,724.1","53,541.4","57,724.1","53,478.8","7.81%"
"Apr 29, 2021","53,541.4","54,752.2","54,862.6","52,924.0","-2.21%"
"Apr 28, 2021","54,752.2","55,009.7","55,590.8","54,351.4","-0.47%"
"Apr 27, 2021","55,009.7","53,993.9","55,171.5","53,433.5","1.88%"
"Apr 26, 2021","53,993.9","48,980.7","54,192.2","48,980.7","10.24%"
"Apr 25, 2021","48,980.7","50,094.4","50,248.1","48,615.2","-2.22%"
"Apr 24, 2021","50,094.4","51,086.1","51,086.1","49,424.8","-1.94%"
"Apr 23, 2021","51,086.1","51,713.8","51,713.8","47,900.3","-1.21%"
"Apr 22, 2021","51,713.8","53,767.8","55,011.5","51,695.2","-3.82%"
"Apr 21, 2021","53,767.8","56,372.2","56,372.2","53,767.8","-4.62%"
"Apr 20, 2021","56,371.4","55,609.4","56,891.2","53,962.7","1.37%"
"Apr 19, 2021","55,609.4","56,182.4","57,094.9","55,491.1","-1.02%"
"Apr 18, 2021","56,182.4","60,005.6","60,005.6","54,557.5","-6.44%"
"Apr 17, 2021","60,049.2","61,359.4","62,315.9","60,049.2","-2.14%"
"Apr 16, 2021","61,359.4","63,197.7","63,356.8","60,328.2","-2.91%"
"Apr 15, 2021","63,197.7","62,964.4","63,472.6","62,500.0","0.37%"
"Apr 14, 2021","62,964.4","63,517.7","64,477.9","62,142.6","-0.87%"
"Apr 13, 2021","63,517.7","59,871.9","63,517.7","59,871.9","6.09%"
"Apr 12, 2021","59,871.9","59,953.8","60,723.0","59,842.3","-0.14%"
"Apr 11, 2021","59,953.8","59,769.8","60,199.6","59,611.0","0.31%"
"Apr 10, 2021","59,769.8","58,135.5","60,916.4","58,135.5","2.81%"
"Apr 09, 2021","58,135.5","58,050.0","58,545.7","57,963.6","0.15%"
"Apr 08, 2021","58,050.0","55,911.6","58,050.0","55,911.6","3.82%"
"Apr 07, 2021","55,911.6","57,979.6","57,979.6","55,813.0","-3.57%"
"Apr 06, 2021","57,979.6","59,100.0","59,149.7","57,778.3","-1.88%"
"Apr 05, 2021","59,089.7","58,182.0","59,089.7","56,998.6","1.56%"
"Apr 04, 2021","58,182.0","57,031.9","58,232.4","57,031.9","2.02%"
"Apr 03, 2021","57,031.9","58,960.8","59,650.0","57,031.9","-3.27%"
"Apr 02, 2021","58,960.8","58,750.0","59,683.1","58,731.9","0.36%"
"Apr 01, 2021","58,750.0","58,772.4","59,224.5","58,644.8","-0.04%"
"Mar 31, 2021","58,772.4","58,798.2","59,499.0","57,886.8","-0.04%"
"Mar 30, 2021","58,798.2","57,655.4","59,120.6","57,260.8","1.98%"
"Mar 29, 2021","57,655.4","55,768.2","58,131.1","55,173.1","3.38%"
"Mar 28, 2021","55,768.2","55,813.7","56,257.9","55,000.0","-0.08%"
"Mar 27, 2021","55,813.7","55,043.9","56,366.4","54,023.8","1.48%"
"Mar 26, 2021","54,997.1","51,344.3","54,997.1","51,344.3","7.11%"
"Mar 25, 2021","51,344.3","52,317.7","52,950.9","50,665.9","-1.88%"
"Mar 24, 2021","52,328.1","54,362.3","56,845.3","52,328.1","-3.74%"
"Mar 23, 2021","54,362.3","54,119.7","55,697.9","53,623.3","0.44%"
"Mar 22, 2021","54,125.5","57,394.8","58,070.0","54,125.5","-5.70%"
"Mar 21, 2021","57,399.9","58,104.4","58,460.1","55,919.9","-1.21%"
"Mar 20, 2021","58,104.4","58,087.3","59,264.9","58,087.3","0.03%"
"Mar 19, 2021","58,087.3","57,655.4","59,123.1","56,982.3","0.75%"
"Mar 18, 2021","57,655.4","58,800.0","59,043.5","57,655.4","-1.95%"
"Mar 17, 2021","58,800.0","56,877.0","58,800.0","54,917.1","3.38%"
"Mar 16, 2021","56,877.0","55,664.7","56,877.0","54,350.0","2.18%"
"Mar 15, 2021","55,664.7","59,023.9","60,103.3","55,664.7","-5.71%"
"Mar 14, 2021","59,034.7","61,176.0","61,204.3","59,034.7","-3.50%"
"Mar 13, 2021","61,176.0","57,338.5","61,176.0","56,526.2","6.69%"
"Mar 12, 2021","57,338.5","57,679.3","57,679.3","55,913.7","-0.59%"
"Mar 11, 2021","57,679.3","55,840.7","57,718.0","54,546.6","3.29%"
"Mar 10, 2021","55,840.7","54,872.4","56,878.0","53,438.8","1.76%"
"Mar 09, 2021","54,872.4","52,302.7","54,872.4","52,198.5","4.97%"
"Mar 08, 2021","52,273.2","50,976.5","52,273.2","49,555.1","2.54%"
"Mar 07, 2021","50,976.5","48,924.6","51,150.0","48,924.6","4.19%"
"Mar 06, 2021","48,924.6","48,700.0","48,924.6","47,500.0","0.46%"
"Mar 05, 2021","48,700.0","48,380.9","48,931.8","46,500.0","0.66%"
"Mar 04, 2021","48,380.9","50,363.2","51,526.9","48,127.5","-3.94%"
"Mar 03, 2021","50,363.2","48,414.1","52,272.9","48,122.9","4.03%"
"Mar 02, 2021","48,414.1","49,583.2","49,583.2","47,367.9","-2.36%"
"Mar 01, 2021","49,583.2","45,149.4","49,583.2","45,149.4","9.82%"
"Feb 28, 2021","45,149.4","46,141.9","46,271.8","43,392.0","-2.15%"
"Feb 27, 2021","46,141.9","46,354.0","47,685.8","46,141.9","-0.46%"
"Feb 26, 2021","46,354.0","47,070.8","47,900.0","46,075.0","-1.52%"
"Feb 25, 2021","47,070.8","49,613.7","50,993.8","47,070.8","-5.13%"
"Feb 24, 2021","49,613.7","48,909.3","50,753.0","48,000.6","1.44%"
"Feb 23, 2021","48,909.3","54,058.4","54,058.4","47,452.8","-9.53%"
"Feb 22, 2021","54,058.4","57,381.7","57,381.7","51,923.9","-5.79%"
"Feb 21, 2021","57,381.7","55,868.8","57,672.9","55,868.8","2.69%"
"Feb 20, 2021","55,879.3","55,875.4","57,121.1","55,512.3","0.01%"
"Feb 19, 2021","55,875.4","51,581.0","55,875.4","51,309.2","8.33%"
"Feb 18, 2021","51,581.0","52,058.4","52,204.1","51,511.7","-0.92%"
"Feb 17, 2021","52,058.4","49,919.9","52,307.5","49,919.9","6.89%"
"Feb 16, 2021","48,701.8","47,915.6","49,600.0","47,915.6","1.64%"
"Feb 15, 2021","47,915.6","48,631.0","48,631.0","46,875.8","-1.47%"
"Feb 14, 2021","48,631.1","47,149.6","49,167.3","47,149.6","3.14%"
"Feb 13, 2021","47,149.6","47,335.1","47,726.0","46,726.0","-0.39%"
"Feb 12, 2021","47,335.1","47,942.7","48,395.3","47,016.6","-1.27%"
"Feb 11, 2021","47,942.7","44,824.7","47,966.6","44,379.8","6.96%"
"Feb 10, 2021","44,824.7","46,518.4","46,778.4","44,717.1","-3.64%"
"Feb 09, 2021","46,518.4","46,317.6","47,779.7","45,917.3","0.43%"
"Feb 08, 2021","46,317.6","38,790.4","46,317.6","38,181.5","19.38%"
"Feb 07, 2021","38,800.0","39,233.0","39,347.9","38,059.5","-1.10%"
"Feb 06, 2021","39,233.0","38,267.5","40,511.1","38,267.5","2.52%"
"Feb 05, 2021","38,267.5","36,945.6","38,267.5","36,775.7","3.58%"
"Feb 04, 2021","36,946.2","37,597.4","37,984.1","36,727.1","-1.73%"
"Feb 03, 2021","37,597.4","35,480.7","37,597.4","35,480.7","5.97%"
"Feb 02, 2021","35,480.7","33,568.8","35,712.8","33,568.8","5.70%"
"Feb 01, 2021","33,568.8","33,115.1","34,134.2","32,601.8","1.37%"
"Jan 31, 2021","33,115.1","34,230.1","34,230.1","32,606.5","-3.26%"
"Jan 30, 2021","34,230.1","34,255.5","34,347.5","33,444.6","0.01%"
"Jan 29, 2021","34,228.1","33,354.4","37,800.0","32,576.7","2.62%"
"Jan 28, 2021","33,354.4","30,350.0","33,354.4","30,350.0","9.90%"
"Jan 27, 2021","30,350.0","32,511.9","32,511.9","29,717.3","-6.65%"
"Jan 26, 2021","32,511.9","32,271.3","32,534.6","31,355.4","0.75%"
"Jan 25, 2021","32,271.3","32,238.8","34,644.6","32,238.8","0.10%"
"Jan 24, 2021","32,238.8","32,072.8","32,832.7","31,661.4","0.52%"
"Jan 23, 2021","32,072.8","32,941.8","32,941.8","31,856.1","-2.70%"
"Jan 22, 2021","32,961.3","30,822.3","33,627.6","30,351.7","6.94%"
"Jan 21, 2021","30,822.3","35,463.3","35,463.3","30,822.3","-13.09%"
"Jan 20, 2021","35,463.3","35,921.8","35,921.8","34,417.4","-1.27%"
"Jan 19, 2021","35,918.2","36,630.6","37,600.9","35,918.2","-1.94%"
"Jan 18, 2021","36,630.6","35,810.2","36,845.1","35,080.8","2.25%"
"Jan 17, 2021","35,825.3","36,014.4","36,629.3","34,640.8","-0.52%"
"Jan 16, 2021","36,014.4","36,763.3","37,882.5","36,014.4","-2.04%"
"Jan 15, 2021","36,763.3","39,178.4","39,211.8","35,889.8","-6.16%"
"Jan 14, 2021","39,178.4","37,356.1","39,705.0","37,356.1","4.88%"
"Jan 13, 2021","37,356.1","34,068.9","37,356.1","32,476.4","9.65%"
"Jan 12, 2021","34,068.9","35,367.3","36,062.9","33,618.2","-3.67%"
"Jan 11, 2021","35,367.3","38,173.8","38,173.8","30,651.6","-7.37%"
"Jan 10, 2021","38,181.5","40,093.5","40,968.0","38,181.5","-4.77%"
"Jan 09, 2021","40,093.5","40,573.4","41,125.0","39,449.1","-1.18%"
"Jan 08, 2021","40,573.4","39,429.5","41,226.2","37,951.6","2.90%"
"Jan 07, 2021","39,429.5","36,716.5","39,429.5","36,716.5","7.39%"
"Jan 06, 2021","36,716.5","33,942.1","36,716.5","33,808.0","8.17%"
"Jan 05, 2021","33,942.1","32,000.0","33,942.1","30,940.8","6.14%"
"Jan 04, 2021","31,977.3","33,015.3","33,225.9","30,246.4","-3.14%"
"Jan 03, 2021","33,015.3","32,196.7","34,270.2","32,196.7","2.54%"
"Jan 02, 2021","32,196.7","29,315.9","32,900.0","29,148.0","9.83%"
"Jan 01, 2021","29,315.9","28,959.1","29,328.2","28,959.1","1.23%"
"Dec 31, 2020","28,959.1","28,856.9","29,129.6","28,400.0","0.35%"
"Dec 30, 2020","28,856.9","27,390.0","28,856.9","27,390.0","5.36%"
"Dec 29, 2020","27,390.0","27,081.9","27,390.0","26,173.3","1.14%"
"Dec 28, 2020","27,081.9","26,272.1","27,365.5","26,272.1","3.08%"
"Dec 27, 2020","26,272.1","26,484.9","28,177.5","26,168.6","-0.76%"
"Dec 26, 2020","26,472.5","24,718.2","26,472.5","24,610.7","7.10%"
"Dec 25, 2020","24,718.2","23,729.4","24,718.2","23,545.6","4.17%"
"Dec 24, 2020","23,729.4","23,228.1","23,729.4","22,912.0","2.16%"
"Dec 23, 2020","23,228.1","23,830.0","23,830.0","23,228.1","-2.53%"
"Dec 22, 2020","23,830.0","22,750.4","23,830.0","22,626.8","4.75%"
"Dec 21, 2020","22,750.4","23,501.7","23,980.8","22,637.5","-3.20%"
"Dec 20, 2020","23,501.7","23,835.4","23,835.4","23,428.6","-1.40%"
"Dec 19, 2020","23,835.4","23,098.3","23,886.0","22,890.7","3.19%"
"Dec 18, 2020","23,098.3","22,792.0","23,233.5","22,450.0","1.25%"
"Dec 17, 2020","22,812.2","21,340.1","23,529.5","21,340.1","6.90%"
"Dec 16, 2020","21,340.1","19,421.4","21,340.1","19,348.0","9.88%"
"Dec 15, 2020","19,421.4","19,272.8","19,495.6","19,135.4","0.77%"
"Dec 14, 2020","19,272.8","19,165.3","19,272.8","19,073.8","0.56%"
"Dec 13, 2020","19,165.3","18,786.8","19,336.8","18,750.3","2.01%"
"Dec 12, 2020","18,786.8","18,028.2","18,823.0","18,028.2","4.21%"
"Dec 11, 2020","18,028.2","18,240.3","18,240.3","17,784.3","-1.19%"
"Dec 10, 2020","18,245.1","18,543.8","18,543.8","18,164.8","-1.61%"
"Dec 09, 2020","18,543.8","18,328.6","18,543.8","17,975.3","1.17%"
"Dec 08, 2020","18,328.6","19,172.7","19,209.2","18,328.6","-4.40%"
"Dec 07, 2020","19,172.7","19,359.4","19,359.4","19,017.3","-0.96%"
"Dec 06, 2020","19,359.4","19,140.6","19,359.4","19,055.0","1.14%"
"Dec 05, 2020","19,140.6","18,653.2","19,140.6","18,606.9","2.61%"
"Dec 04, 2020","18,653.2","19,418.3","19,418.3","18,653.2","-3.94%"
"Dec 03, 2020","19,418.3","19,201.4","19,422.2","18,961.2","1.06%"
"Dec 02, 2020","19,214.4","18,782.1","19,214.4","18,509.9","2.30%"
"Dec 01, 2020","18,782.1","19,667.3","19,667.3","18,782.1","-4.50%"
"Nov 30, 2020","19,667.3","18,182.3","19,667.3","18,182.3","8.17%"
"Nov 29, 2020","18,182.3","17,718.8","18,192.7","17,608.8","2.60%"
"Nov 28, 2020","17,720.8","17,135.0","17,801.7","16,900.8","3.42%"
"Nov 27, 2020","17,135.0","17,166.8","17,366.1","16,645.3","-0.19%"
"Nov 26, 2020","17,166.8","18,718.8","18,718.8","16,549.6","-8.29%"
"Nov 25, 2020","18,718.8","19,153.1","19,220.2","18,718.8","-2.27%"
"Nov 24, 2020","19,153.1","18,380.6","19,381.2","18,221.0","4.20%"
"Nov 23, 2020","18,380.6","18,435.4","18,700.7","18,266.7","-0.30%"
"Nov 22, 2020","18,435.4","18,699.9","18,699.9","18,083.4","-1.41%"
"Nov 21, 2020","18,699.9","18,662.5","18,771.6","18,517.7","0.20%"
"Nov 20, 2020","18,662.5","17,811.6","18,721.3","17,811.6","4.78%"
"Nov 19, 2020","17,811.6","17,775.6","18,001.6","17,479.1","0.22%"
"Nov 18, 2020","17,772.5","17,662.4","18,158.6","17,662.4","0.62%"
"Nov 17, 2020","17,662.4","16,705.6","17,662.4","16,657.0","5.73%"
"Nov 16, 2020","16,705.6","15,951.6","16,770.0","15,951.6","4.73%"
"Nov 15, 2020","15,951.6","16,070.7","16,075.8","15,866.8","-0.74%"
"Nov 14, 2020","16,070.7","16,328.4","16,328.4","15,843.2","-1.58%"
"Nov 13, 2020","16,328.4","16,287.6","16,432.1","16,160.0","0.25%"
"Nov 12, 2020","16,287.6","15,690.3","16,287.6","15,615.4","3.81%"
"Nov 11, 2020","15,690.3","15,295.9","15,838.9","15,295.9","2.58%"
"Nov 10, 2020","15,295.9","15,314.3","15,364.7","15,243.3","-0.12%"
"Nov 09, 2020","15,314.3","15,473.0","15,612.4","14,926.0","-1.03%"
"Nov 08, 2020","15,473.0","14,805.0","15,520.0","14,805.0","4.43%"
"Nov 07, 2020","14,816.5","15,571.3","15,632.3","14,800.0","-4.85%"
"Nov 06, 2020","15,571.3","15,586.0","15,871.3","15,411.0","-0.09%"
"Nov 05, 2020","15,586.0","14,141.2","15,586.0","14,141.2","10.22%"
"Nov 04, 2020","14,141.2","14,013.4","14,141.5","13,662.4","0.91%"
"Nov 03, 2020","14,013.4","13,559.5","14,013.4","13,333.8","3.35%"
"Nov 02, 2020","13,559.5","13,753.7","13,762.9","13,406.7","-1.41%"
"Nov 01, 2020","13,753.7","13,794.5","13,840.0","13,693.3","-0.30%"
"Oct 31, 2020","13,794.7","13,550.4","13,956.5","13,503.5","1.80%"
"Oct 30, 2020","13,550.4","13,452.1","13,585.2","13,231.0","0.73%"
"Oct 29, 2020","13,452.1","13,271.9","13,523.4","13,134.2","1.36%"
"Oct 28, 2020","13,271.9","13,648.5","13,748.3","13,190.9","-2.76%"
"Oct 27, 2020","13,648.5","13,050.0","13,671.1","13,050.0","4.59%"
"Oct 26, 2020","13,050.0","13,024.5","13,130.6","12,936.8","0.20%"
"Oct 25, 2020","13,024.5","13,115.2","13,270.0","12,937.8","-0.69%"
"Oct 24, 2020","13,115.2","12,921.0","13,119.6","12,913.5","1.50%"
"Oct 23, 2020","12,921.0","12,968.6","12,991.8","12,861.5","-0.37%"
"Oct 22, 2020","12,968.6","12,796.7","13,133.7","12,758.2","1.34%"
"Oct 21, 2020","12,796.7","11,910.3","12,900.0","11,910.3","7.44%"
"Oct 20, 2020","11,910.3","11,743.7","11,970.0","11,716.8","1.42%"
"Oct 19, 2020","11,743.7","11,489.7","11,743.7","11,434.0","2.21%"
"Oct 18, 2020","11,489.7","11,362.8","11,489.7","11,362.8","1.12%"
"Oct 17, 2020","11,362.8","11,312.9","11,362.8","11,303.6","0.44%"
"Oct 16, 2020","11,312.9","11,486.1","11,503.1","11,256.1","-1.51%"
"Oct 15, 2020","11,486.1","11,417.4","11,486.1","11,298.0","0.60%"
"Oct 14, 2020","11,417.4","11,427.8","11,451.7","11,324.1","-0.09%"
"Oct 13, 2020","11,427.8","11,535.0","11,535.0","11,375.0","-0.94%"
"Oct 12, 2020","11,536.4","11,375.7","11,638.3","11,267.7","1.41%"
"Oct 11, 2020","11,375.7","11,295.4","11,411.0","11,295.4","0.71%"
"Oct 10, 2020","11,295.4","11,057.7","11,406.6","11,057.7","2.15%"
"Oct 09, 2020","11,057.7","10,917.7","11,063.5","10,865.8","1.31%"
"Oct 08, 2020","10,914.4","10,665.0","10,914.4","10,592.5","2.34%"
"Oct 07, 2020","10,665.0","10,600.4","10,665.0","10,585.3","0.61%"
"Oct 06, 2020","10,600.4","10,780.0","10,780.0","10,567.5","-1.67%"
"Oct 05, 2020","10,780.0","10,667.0","10,780.0","10,660.4","1.06%"
"Oct 04, 2020","10,667.0","10,544.7","10,671.1","10,544.7","1.16%"
"Oct 03, 2020","10,544.7","10,562.8","10,577.1","10,529.0","-0.17%"
"Oct 02, 2020","10,562.8","10,619.1","10,619.1","10,431.1","-0.53%"
"Oct 01, 2020","10,619.1","10,763.1","10,882.1","10,514.8","-1.34%"
"Sep 30, 2020","10,763.1","10,834.7","10,834.7","10,707.4","-0.66%"
"Sep 29, 2020","10,834.7","10,695.2","10,834.7","10,684.3","1.30%"
"Sep 28, 2020","10,695.2","10,767.3","10,914.5","10,695.2","-0.67%"
"Sep 27, 2020","10,767.3","10,730.8","10,770.9","10,636.4","0.34%"
"Sep 26, 2020","10,730.8","10,677.8","10,756.9","10,660.2","0.50%"
"Sep 25, 2020","10,677.8","10,732.4","10,737.0","10,600.0","-0.51%"
"Sep 24, 2020","10,732.4","10,233.0","10,732.4","10,233.0","4.88%"
"Sep 23, 2020","10,233.0","10,532.9","10,532.9","10,219.5","-2.85%"
"Sep 22, 2020","10,532.9","10,423.0","10,532.9","10,415.1","1.05%"
"Sep 21, 2020","10,423.0","10,922.4","10,963.4","10,392.5","-4.57%"
"Sep 20, 2020","10,922.4","11,074.4","11,074.4","10,858.5","-1.37%"
"Sep 19, 2020","11,074.4","10,928.0","11,101.7","10,918.8","1.35%"
"Sep 18, 2020","10,927.3","10,927.4","11,010.1","10,873.8","-0.00%"
"Sep 17, 2020","10,927.4","10,948.2","10,948.2","10,854.2","-0.19%"
"Sep 16, 2020","10,948.2","10,782.0","11,032.1","10,683.8","1.54%"
"Sep 15, 2020","10,782.0","10,667.3","10,878.2","10,667.3","1.08%"
"Sep 14, 2020","10,667.3","10,308.2","10,691.8","10,302.0","3.48%"
"Sep 13, 2020","10,308.2","10,433.8","10,547.0","10,274.5","-1.20%"
"Sep 12, 2020","10,433.8","10,384.5","10,464.9","10,284.5","0.47%"
"Sep 11, 2020","10,384.5","10,349.3","10,384.5","10,228.3","0.34%"
"Sep 10, 2020","10,349.3","10,222.5","10,447.2","10,222.5","1.24%"
"Sep 09, 2020","10,222.5","10,116.0","10,321.9","9,994.7","1.05%"
"Sep 08, 2020","10,116.0","10,365.7","10,365.7","9,927.6","-2.41%"
"Sep 07, 2020","10,365.7","10,248.0","10,365.7","9,936.9","1.15%"
"Sep 06, 2020","10,248.0","10,165.2","10,248.0","10,087.5","0.81%"
"Sep 05, 2020","10,165.2","10,454.6","10,499.4","10,073.3","-2.77%"
"Sep 04, 2020","10,454.6","10,267.5","10,543.3","10,264.2","1.82%"
"Sep 03, 2020","10,267.5","11,391.9","11,391.9","10,267.5","-9.87%"
"Sep 02, 2020","11,391.9","11,927.3","11,927.3","11,300.2","-4.49%"
"Sep 01, 2020","11,927.3","11,656.4","12,002.3","11,608.9","2.32%"
"Aug 31, 2020","11,656.4","11,707.4","11,728.5","11,616.9","-0.44%"
"Aug 30, 2020","11,707.4","11,478.7","11,707.4","11,478.7","1.99%"
"Aug 29, 2020","11,478.7","11,522.6","11,543.9","11,465.0","-0.38%"
"Aug 28, 2020","11,522.6","11,319.0","11,523.0","11,290.5","1.80%"
"Aug 27, 2020","11,319.0","11,458.3","11,458.3","11,220.0","-1.22%"
"Aug 26, 2020","11,458.3","11,337.3","11,494.9","11,284.4","1.07%"
"Aug 25, 2020","11,337.3","11,753.5","11,756.0","11,229.2","-3.58%"
"Aug 24, 2020","11,757.9","11,649.1","11,791.8","11,649.1","0.93%"
"Aug 23, 2020","11,649.1","11,675.1","11,689.8","11,572.2","-0.22%"
"Aug 22, 2020","11,675.1","11,514.5","11,675.1","11,430.8","1.39%"
"Aug 21, 2020","11,514.5","11,859.2","11,859.2","11,514.5","-2.91%"
"Aug 20, 2020","11,859.2","11,742.0","11,866.2","11,727.1","1.00%"
"Aug 19, 2020","11,742.0","11,960.2","11,977.0","11,694.0","-1.82%"
"Aug 18, 2020","11,960.2","12,271.7","12,323.3","11,897.4","-2.54%"
"Aug 17, 2020","12,271.7","11,910.0","12,375.5","11,801.5","3.04%"
"Aug 16, 2020","11,910.0","11,866.3","11,910.0","11,776.5","0.37%"
"Aug 15, 2020","11,866.3","11,739.0","11,938.2","11,739.0","1.08%"
"Aug 14, 2020","11,739.0","11,754.0","11,791.9","11,673.0","-0.13%"
"Aug 13, 2020","11,754.0","11,562.4","11,754.0","11,397.6","1.66%"
"Aug 12, 2020","11,562.4","11,396.2","11,573.9","11,291.0","1.46%"
"Aug 11, 2020","11,396.2","11,874.2","11,912.4","11,205.7","-4.03%"
"Aug 10, 2020","11,874.2","11,681.5","11,977.0","11,681.5","1.65%"
"Aug 09, 2020","11,681.5","11,749.3","11,749.3","11,595.9","-0.67%"
"Aug 08, 2020","11,760.0","11,590.8","11,771.8","11,547.5","1.46%"
"Aug 07, 2020","11,590.8","11,750.5","11,870.4","11,477.9","-1.36%"
"Aug 06, 2020","11,750.5","11,734.0","11,861.3","11,628.4","0.14%"
"Aug 05, 2020","11,734.0","11,188.5","11,734.0","11,188.5","4.88%"
"Aug 04, 2020","11,188.5","11,217.2","11,353.0","11,140.0","-0.26%"
"Aug 03, 2020","11,217.2","11,072.0","11,375.0","11,072.0","1.31%"
"Aug 02, 2020","11,072.0","11,793.8","11,954.8","11,072.0","-6.12%"
"Aug 01, 2020","11,793.8","11,329.9","11,793.8","11,328.2","4.09%"
"Jul 31, 2020","11,329.9","11,095.2","11,345.1","11,015.0","2.12%"
"Jul 30, 2020","11,095.2","11,102.0","11,144.5","10,947.9","-0.06%"
"Jul 29, 2020","11,102.0","10,903.0","11,318.3","10,903.0","1.83%"
"Jul 28, 2020","10,903.0","11,018.6","11,188.3","10,868.5","-1.05%"
"Jul 27, 2020","11,018.6","9,930.9","11,196.7","9,930.9","10.95%"
"Jul 26, 2020","9,930.9","9,699.4","9,939.5","9,691.2","2.39%"
"Jul 25, 2020","9,699.4","9,534.7","9,699.4","9,534.7","1.73%"
"Jul 24, 2020","9,534.7","9,604.0","9,604.0","9,509.1","-0.72%"
"Jul 23, 2020","9,604.0","9,524.1","9,604.0","9,489.5","0.84%"
"Jul 22, 2020","9,524.1","9,379.2","9,524.1","9,312.7","1.55%"
"Jul 21, 2020","9,379.2","9,159.6","9,379.2","9,159.6","2.40%"
"Jul 20, 2020","9,159.6","9,213.2","9,215.3","9,154.9","-0.58%"
"Jul 19, 2020","9,213.2","9,166.0","9,213.2","9,120.0","0.52%"
"Jul 18, 2020","9,166.0","9,152.8","9,172.9","9,126.0","0.14%"
"Jul 17, 2020","9,152.8","9,137.0","9,162.0","9,119.8","0.17%"
"Jul 16, 2020","9,137.0","9,191.0","9,213.0","9,076.3","-0.59%"
"Jul 15, 2020","9,191.0","9,248.9","9,248.9","9,191.0","-0.63%"
"Jul 14, 2020","9,248.9","9,238.6","9,265.9","9,181.0","0.11%"
"Jul 13, 2020","9,238.6","9,296.7","9,318.1","9,238.6","-0.63%"
"Jul 12, 2020","9,296.7","9,230.3","9,296.7","9,180.3","0.72%"
"Jul 11, 2020","9,230.3","9,293.6","9,293.6","9,183.2","-0.68%"
"Jul 10, 2020","9,293.6","9,236.6","9,293.6","9,160.6","0.62%"
"Jul 09, 2020","9,236.6","9,437.9","9,437.9","9,222.8","-2.13%"
"Jul 08, 2020","9,437.9","9,247.4","9,439.4","9,247.4","2.06%"
"Jul 07, 2020","9,247.4","9,339.9","9,339.9","9,238.7","-0.99%"
"Jul 06, 2020","9,339.9","9,084.4","9,339.9","9,070.0","2.81%"
"Jul 05, 2020","9,084.4","9,127.2","9,143.1","9,003.0","-0.47%"
"Jul 04, 2020","9,127.2","9,061.2","9,179.0","9,048.9","0.73%"
"Jul 03, 2020","9,061.2","9,089.5","9,123.6","9,043.3","-0.31%"
"Jul 02, 2020","9,089.5","9,221.8","9,257.5","8,960.0","-1.43%"
"Jul 01, 2020","9,221.8","9,136.8","9,285.0","9,092.9","0.93%"
"Jun 30, 2020","9,136.8","9,183.2","9,196.4","9,090.0","-0.50%"
"Jun 29, 2020","9,183.2","9,126.7","9,235.3","9,017.9","0.62%"
"Jun 28, 2020","9,126.7","9,011.3","9,184.0","8,950.0","1.28%"
"Jun 27, 2020","9,011.3","9,156.3","9,195.0","8,900.0","-1.58%"
"Jun 26, 2020","9,156.3","9,252.5","9,295.6","9,057.2","-1.04%"
"Jun 25, 2020","9,252.5","9,299.0","9,330.0","9,050.0","-0.50%"
"Jun 24, 2020","9,299.0","9,616.9","9,675.1","9,233.1","-3.31%"
"Jun 23, 2020","9,616.9","9,687.4","9,718.7","9,566.0","-0.73%"
"Jun 22, 2020","9,687.4","9,296.0","9,732.0","9,287.8","4.21%"
"Jun 21, 2020","9,296.0","9,358.0","9,400.5","9,288.0","-0.66%"
"Jun 20, 2020","9,358.0","9,310.0","9,381.4","9,220.0","0.52%"
"Jun 19, 2020","9,310.0","9,397.8","9,453.2","9,260.0","-0.93%"
"Jun 18, 2020","9,397.8","9,452.3","9,505.2","9,300.0","-0.58%"
"Jun 17, 2020","9,452.3","9,513.7","9,547.4","9,230.0","-0.64%"
"Jun 16, 2020","9,513.7","9,422.0","9,570.0","9,379.2","0.97%"
"Jun 15, 2020","9,422.0","9,344.6","9,486.1","8,933.5","0.83%"
"Jun 14, 2020","9,344.6","9,466.2","9,466.2","9,275.9","-1.28%"
"Jun 13, 2020","9,466.2","9,460.6","9,490.0","9,373.4","0.06%"
"Jun 12, 2020","9,460.6","9,277.3","9,541.0","9,251.8","1.98%"
"Jun 11, 2020","9,277.3","9,882.3","9,950.0","9,150.0","-6.12%"
"Jun 10, 2020","9,882.3","9,763.9","9,964.8","9,696.1","1.21%"
"Jun 09, 2020","9,763.9","9,787.3","9,858.9","9,600.4","-0.24%"
"Jun 08, 2020","9,787.3","9,734.9","9,797.0","9,642.6","0.54%"
"Jun 07, 2020","9,734.9","9,669.7","9,786.0","9,404.0","0.67%"
"Jun 06, 2020","9,669.7","9,638.9","9,728.0","9,552.5","0.32%"
"Jun 05, 2020","9,638.9","9,794.2","9,840.4","9,621.3","-1.59%"
"Jun 04, 2020","9,794.2","9,654.1","9,862.7","9,469.3","1.45%"
"Jun 03, 2020","9,654.1","9,521.3","9,664.3","9,401.1","1.41%"
"Jun 02, 2020","9,520.3","10,138.7","10,191.3","9,300.0","-6.10%"
"Jun 01, 2020","10,138.7","9,457.4","10,155.4","9,435.2","7.20%"
"May 31, 2020","9,457.4","9,691.9","9,692.0","9,405.0","-2.42%"
"May 30, 2020","9,691.9","9,424.9","9,722.2","9,348.0","2.83%"
"May 29, 2020","9,424.9","9,566.0","9,594.0","9,300.7","-1.47%"
"May 28, 2020","9,566.0","9,193.6","9,611.0","9,122.2","4.05%"
"May 27, 2020","9,193.6","8,843.6","9,214.9","8,822.0","3.96%"
"May 26, 2020","8,843.6","8,906.1","8,999.0","8,716.3","-0.70%"
"May 25, 2020","8,906.1","8,732.8","8,966.3","8,665.4","1.98%"
"May 24, 2020","8,733.4","9,179.8","9,292.0","8,717.8","-4.86%"
"May 23, 2020","9,179.8","9,158.9","9,300.0","9,100.0","0.23%"
"May 22, 2020","9,158.9","9,055.1","9,247.9","8,952.0","1.15%"
"May 21, 2020","9,055.1","9,514.5","9,561.0","8,823.1","-4.83%"
"May 20, 2020","9,514.5","9,777.1","9,821.8","9,350.2","-2.69%"
"May 19, 2020","9,777.1","9,732.8","9,880.4","9,500.0","0.46%"
"May 18, 2020","9,732.8","9,669.9","9,933.1","9,493.0","0.65%"
"May 17, 2020","9,669.9","9,386.7","9,869.0","9,341.9","3.02%"
"May 16, 2020","9,386.7","9,303.0","9,582.6","9,213.9","0.90%"
"May 15, 2020","9,303.0","9,784.1","9,829.8","9,166.7","-4.92%"
"May 14, 2020","9,784.1","9,303.4","9,917.9","9,242.1","5.17%"
"May 13, 2020","9,303.4","8,804.0","9,400.6","8,798.4","5.67%"
"May 12, 2020","8,804.0","8,572.1","8,962.7","8,549.9","2.70%"
"May 11, 2020","8,572.6","8,743.2","9,150.0","8,217.0","-1.95%"
"May 10, 2020","8,743.2","9,549.2","9,569.3","8,100.0","-8.44%"
"May 09, 2020","9,549.2","9,812.0","9,899.0","9,532.2","-2.71%"
"May 08, 2020","9,815.4","9,971.3","10,020.0","9,729.2","-1.56%"
"May 07, 2020","9,971.3","9,145.6","10,064.3","9,047.5","9.03%"
"May 06, 2020","9,145.6","9,024.0","9,380.0","8,918.0","1.35%"
"May 05, 2020","9,024.0","8,867.8","9,100.0","8,749.6","1.76%"
"May 04, 2020","8,867.8","8,896.4","8,946.8","8,522.4","-0.32%"
"May 03, 2020","8,896.4","8,971.2","9,175.0","8,723.3","-0.83%"
"May 02, 2020","8,971.2","8,809.9","8,997.0","8,765.0","1.83%"
"May 01, 2020","8,809.9","8,624.8","9,046.2","8,624.8","2.04%"
"Apr 30, 2020","8,633.6","8,746.9","9,455.4","8,415.3","-1.29%"
"Apr 29, 2020","8,746.9","7,745.3","8,932.8","7,720.6","12.93%"
"Apr 28, 2020","7,745.3","7,772.5","7,772.9","7,669.2","-0.35%"
"Apr 27, 2020","7,772.5","7,685.0","7,773.8","7,619.6","1.14%"
"Apr 26, 2020","7,685.0","7,533.3","7,691.0","7,500.0","2.01%"
"Apr 25, 2020","7,533.3","7,493.4","7,697.0","7,449.0","0.53%"
"Apr 24, 2020","7,493.4","7,471.3","7,596.0","7,362.0","0.30%"
"Apr 23, 2020","7,471.3","7,113.7","7,596.0","7,026.4","5.03%"
"Apr 22, 2020","7,113.7","6,836.3","7,143.7","6,820.7","4.06%"
"Apr 21, 2020","6,836.3","6,818.6","6,928.8","6,772.8","0.26%"
"Apr 20, 2020","6,818.6","7,110.1","7,204.7","6,770.7","-4.10%"
"Apr 19, 2020","7,110.1","7,236.1","7,268.3","7,054.8","-1.74%"
"Apr 18, 2020","7,236.1","7,033.9","7,275.1","7,030.0","2.87%"
"Apr 17, 2020","7,033.9","7,091.5","7,150.0","7,011.1","-0.81%"
"Apr 16, 2020","7,091.5","6,629.4","7,174.7","6,500.0","6.97%"
"Apr 15, 2020","6,629.4","6,854.4","6,931.5","6,614.9","-3.28%"
"Apr 14, 2020","6,854.4","6,855.3","6,967.7","6,775.6","-0.01%"
"Apr 13, 2020","6,855.3","6,900.0","6,900.0","6,604.1","-0.98%"
"Apr 12, 2020","6,922.8","6,850.0","7,161.0","6,792.6","1.06%"
"Apr 11, 2020","6,850.0","6,823.8","6,933.0","6,750.0","0.38%"
"Apr 10, 2020","6,823.8","7,282.3","7,289.0","6,757.5","-6.30%"
"Apr 09, 2020","7,282.3","7,349.4","7,369.8","7,133.7","-0.91%"
"Apr 08, 2020","7,349.4","7,210.8","7,406.4","7,152.3","1.92%"
"Apr 07, 2020","7,210.8","7,331.6","7,450.0","7,121.7","-1.65%"
"Apr 06, 2020","7,331.6","6,781.2","7,340.3","6,774.4","8.12%"
"Apr 05, 2020","6,781.2","6,856.1","6,879.1","6,686.3","-1.09%"
"Apr 04, 2020","6,856.1","6,751.8","6,972.6","6,661.6","1.54%"
"Apr 03, 2020","6,751.8","6,793.3","7,038.5","6,624.9","-0.76%"
"Apr 02, 2020","6,803.7","6,655.5","6,877.6","6,560.0","2.23%"
"Apr 01, 2020","6,655.5","6,428.4","6,663.6","6,159.2","3.53%"
"Mar 31, 2020","6,428.4","6,398.6","6,507.6","6,338.7","0.47%"
"Mar 30, 2020","6,398.6","5,899.9","6,585.5","5,873.3","8.45%"
"Mar 29, 2020","5,899.9","6,238.8","6,274.7","5,883.6","-5.43%"
"Mar 28, 2020","6,238.8","6,380.0","6,380.0","6,055.5","-2.21%"
"Mar 27, 2020","6,380.0","6,727.0","6,850.0","6,302.5","-5.16%"
"Mar 26, 2020","6,727.0","6,691.7","6,770.0","6,528.1","0.53%"
"Mar 25, 2020","6,691.7","6,768.4","6,943.4","6,450.0","-1.13%"
"Mar 24, 2020","6,768.4","6,472.9","6,826.8","6,390.5","4.57%"
"Mar 23, 2020","6,472.9","5,886.7","6,584.4","5,712.5","9.96%"
"Mar 22, 2020","5,886.7","6,177.3","6,394.3","5,800.0","-4.70%"
"Mar 21, 2020","6,177.3","6,223.9","10,155.4","5,890.3","-0.75%"
"Mar 20, 2020","6,223.9","6,159.9","6,971.8","5,706.8","1.04%"
"Mar 19, 2020","6,159.9","5,388.2","6,391.1","5,267.6","14.32%"
"Mar 18, 2020","5,388.2","5,352.5","5,442.3","5,016.1","0.67%"
"Mar 17, 2020","5,352.5","5,025.5","5,571.3","4,944.6","6.51%"
"Mar 16, 2020","5,025.5","5,388.2","5,418.5","4,456.2","-6.73%"
"Mar 15, 2020","5,388.2","5,164.8","5,921.5","5,103.8","2.64%"
"Mar 14, 2020","5,249.6","5,593.7","5,625.7","5,060.3","-6.15%"
"Mar 13, 2020","5,593.7","4,931.7","5,938.8","3,772.4","13.42%"
"Mar 12, 2020","4,931.7","7,940.9","7,960.8","4,454.5","-37.89%"
"Mar 11, 2020","7,940.9","7,887.2","7,966.0","7,584.6","0.68%"
"Mar 10, 2020","7,887.2","7,899.4","8,157.0","7,687.3","-0.15%"
"Mar 09, 2020","7,899.4","8,020.5","8,268.9","7,600.0","-1.51%"
"Mar 08, 2020","8,020.5","8,890.3","8,890.3","8,002.9","-9.78%"
"Mar 07, 2020","8,890.3","9,120.0","9,207.3","8,829.9","-2.52%"
"Mar 06, 2020","9,120.0","9,048.5","9,160.0","8,940.0","0.79%"
"Mar 05, 2020","9,048.5","8,758.8","9,152.2","8,747.8","3.31%"
"Mar 04, 2020","8,758.8","8,715.6","8,837.7","8,600.0","0.54%"
"Mar 03, 2020","8,711.6","8,894.1","8,935.4","8,660.0","-2.05%"
"Mar 02, 2020","8,894.1","8,553.1","8,990.8","8,495.8","3.99%"
"Mar 01, 2020","8,553.1","8,545.0","8,728.6","8,417.0","0.10%"
"Feb 29, 2020","8,545.0","8,686.4","8,794.4","8,545.0","-1.63%"
"Feb 28, 2020","8,686.4","8,804.1","8,889.7","8,419.2","-1.34%"
"Feb 27, 2020","8,804.1","8,788.2","9,014.3","8,531.5","0.18%"
"Feb 26, 2020","8,788.2","9,328.2","9,378.5","8,623.1","-5.79%"
"Feb 25, 2020","9,328.2","9,658.4","9,665.6","9,250.5","-3.42%"
"Feb 24, 2020","9,658.4","9,945.9","9,977.2","9,484.0","-2.89%"
"Feb 23, 2020","9,945.9","9,657.2","9,994.0","9,639.0","2.99%"
"Feb 22, 2020","9,657.2","9,670.2","9,707.0","9,552.6","-0.14%"
"Feb 21, 2020","9,670.5","9,603.2","9,762.5","9,562.2","0.70%"
"Feb 20, 2020","9,603.2","9,595.3","9,679.2","9,415.6","0.08%"
"Feb 19, 2020","9,595.3","10,157.2","10,245.8","9,352.4","-5.53%"
"Feb 18, 2020","10,157.2","9,694.8","10,232.7","9,595.3","4.77%"
"Feb 17, 2020","9,694.8","9,930.5","9,948.3","9,450.0","-2.37%"
"Feb 16, 2020","9,930.5","9,914.5","10,046.7","9,651.0","0.16%"
"Feb 15, 2020","9,914.5","10,349.0","10,357.5","9,815.0","-4.20%"
"Feb 14, 2020","10,349.5","10,218.9","10,395.0","10,082.0","1.28%"
"Feb 13, 2020","10,218.9","10,320.2","10,483.8","10,098.0","-0.98%"
"Feb 12, 2020","10,320.2","10,217.5","10,400.0","10,043.6","1.01%"
"Feb 11, 2020","10,217.5","9,845.0","10,300.0","9,720.0","3.78%"
"Feb 10, 2020","9,845.0","10,144.7","10,186.0","9,701.4","-2.95%"
"Feb 09, 2020","10,144.7","9,896.6","10,150.0","9,807.7","2.51%"
"Feb 08, 2020","9,896.6","9,811.6","9,936.3","9,651.4","0.87%"
"Feb 07, 2020","9,811.6","9,759.5","9,900.0","9,616.3","0.53%"
"Feb 06, 2020","9,759.5","9,598.7","9,843.1","9,500.5","1.68%"
"Feb 05, 2020","9,598.7","9,203.8","9,740.3","9,172.0","4.29%"
"Feb 04, 2020","9,203.8","9,288.6","9,343.0","9,067.0","-0.91%"
"Feb 03, 2020","9,288.6","9,343.9","9,591.2","9,245.6","-0.59%"
"Feb 02, 2020","9,343.9","9,399.4","9,475.4","9,191.6","-0.59%"
"Feb 01, 2020","9,399.4","9,327.8","9,450.7","9,301.8","0.77%"
"Jan 31, 2020","9,327.8","9,515.8","9,534.9","9,221.1","-1.98%"
"Jan 30, 2020","9,515.8","9,283.7","9,582.2","9,200.0","2.50%"
"Jan 29, 2020","9,283.7","9,387.1","9,425.4","9,201.4","-1.10%"
"Jan 28, 2020","9,387.1","8,897.4","9,392.7","8,897.4","5.50%"
"Jan 27, 2020","8,897.4","8,605.0","9,004.0","8,383.9","3.40%"
"Jan 26, 2020","8,605.0","8,360.8","8,611.3","8,306.7","2.92%"
"Jan 25, 2020","8,360.8","8,446.5","8,449.1","8,269.1","-1.02%"
"Jan 24, 2020","8,446.5","8,389.4","8,525.3","8,235.8","0.68%"
"Jan 23, 2020","8,389.4","8,690.0","8,695.0","8,300.5","-3.46%"
"Jan 22, 2020","8,690.0","8,722.2","8,816.9","8,608.6","-0.37%"
"Jan 21, 2020","8,722.2","8,640.1","8,780.0","8,510.7","0.95%"
"Jan 20, 2020","8,640.1","8,701.2","8,734.0","8,525.6","-0.70%"
"Jan 19, 2020","8,701.2","8,902.6","9,190.0","8,504.7","-2.26%"
"Jan 18, 2020","8,902.6","8,912.2","8,970.0","8,793.0","-0.11%"
"Jan 17, 2020","8,912.2","8,705.6","9,001.6","8,670.0","2.11%"
"Jan 16, 2020","8,727.9","8,824.9","8,859.0","8,598.5","-1.10%"
"Jan 15, 2020","8,824.9","8,836.9","8,908.7","8,596.9","-0.14%"
"Jan 14, 2020","8,836.9","8,116.1","8,859.5","8,112.5","8.88%"
"Jan 13, 2020","8,116.1","8,176.8","8,184.9","7,991.8","-0.74%"
"Jan 12, 2020","8,176.8","8,036.5","8,176.8","7,953.8","1.75%"
"Jan 11, 2020","8,036.5","8,179.2","8,275.9","8,006.1","-1.74%"
"Jan 10, 2020","8,179.2","7,832.4","8,179.2","7,692.8","4.43%"
"Jan 09, 2020","7,832.4","8,041.4","8,043.1","7,762.9","-2.60%"
"Jan 08, 2020","8,041.4","8,185.7","8,475.0","7,878.2","-1.76%"
"Jan 07, 2020","8,185.7","7,764.6","8,186.9","7,740.8","5.42%"
"Jan 06, 2020","7,764.6","7,359.4","7,784.3","7,353.2","5.51%"
"Jan 05, 2020","7,359.4","7,359.9","7,488.0","7,326.2","-0.01%"
"Jan 04, 2020","7,359.9","7,338.1","7,398.1","7,260.1","0.30%"
"Jan 03, 2020","7,338.1","6,957.0","7,400.2","6,884.5","5.48%"
"Jan 02, 2020","6,957.0","7,204.5","7,221.4","6,939.5","-3.44%"
"Jan 01, 2020","7,204.5","7,185.7","7,257.8","7,166.3","0.26%"
"Dec 31, 2019","7,185.7","7,249.2","7,335.0","7,159.2","-0.78%"
"Dec 30, 2019","7,242.2","7,415.2","7,415.2","7,219.0","-2.33%"
"Dec 29, 2019","7,415.2","7,307.2","7,514.5","7,271.8","1.48%"
"Dec 28, 2019","7,307.2","7,244.4","7,365.1","7,231.4","0.87%"
"Dec 27, 2019","7,244.4","7,214.2","7,258.8","7,100.3","0.42%"
"Dec 26, 2019","7,214.2","7,208.3","7,427.1","7,098.5","0.23%"
"Dec 25, 2019","7,197.4","7,248.9","7,279.5","7,121.8","-0.71%"
"Dec 24, 2019","7,248.9","7,323.7","7,418.0","7,150.1","-1.02%"
"Dec 23, 2019","7,323.7","7,508.0","7,692.8","7,271.8","-2.46%"
"Dec 22, 2019","7,508.0","7,124.5","7,523.1","7,100.0","5.38%"
"Dec 21, 2019","7,124.5","7,197.6","7,197.6","7,107.7","-1.01%"
"Dec 20, 2019","7,197.6","7,153.7","7,222.7","7,074.0","0.61%"
"Dec 19, 2019","7,153.7","7,285.9","7,350.5","7,040.7","-1.81%"
"Dec 18, 2019","7,285.9","6,620.6","7,410.1","6,440.0","10.00%"
"Dec 17, 2019","6,623.6","6,906.9","6,959.9","6,577.8","-4.10%"
"Dec 16, 2019","6,906.9","7,104.6","7,142.8","6,853.8","-2.78%"
"Dec 15, 2019","7,104.6","7,062.6","7,179.8","7,022.5","0.59%"
"Dec 14, 2019","7,062.6","7,265.9","7,281.8","7,030.1","-2.80%"
"Dec 13, 2019","7,265.9","7,185.8","7,296.3","7,177.1","1.11%"
"Dec 12, 2019","7,185.8","7,199.0","7,279.4","7,090.0","-0.15%"
"Dec 11, 2019","7,196.4","7,234.1","7,271.6","7,143.8","-0.52%"
"Dec 10, 2019","7,234.1","7,353.6","7,391.8","7,174.1","-1.63%"
"Dec 09, 2019","7,353.6","7,500.2","7,640.0","7,260.1","-1.95%"
"Dec 08, 2019","7,500.2","7,479.1","7,547.6","7,378.5","0.28%"
"Dec 07, 2019","7,479.1","7,526.7","7,595.6","7,448.9","-0.63%"
"Dec 06, 2019","7,526.7","7,387.1","7,591.5","7,320.2","1.89%"
"Dec 05, 2019","7,387.1","7,182.5","7,469.6","7,153.6","2.85%"
"Dec 04, 2019","7,182.5","7,298.6","7,724.6","7,086.3","-1.59%"
"Dec 03, 2019","7,298.6","7,285.3","7,432.6","7,238.6","0.18%"
"Dec 02, 2019","7,285.3","7,378.7","7,421.9","7,167.2","-1.27%"
"Dec 01, 2019","7,378.7","7,541.2","7,543.3","7,231.9","-2.15%"
"Nov 30, 2019","7,541.2","7,728.3","7,784.3","7,454.2","-2.42%"
"Nov 29, 2019","7,728.3","7,425.5","7,828.3","7,379.7","4.08%"
"Nov 28, 2019","7,425.5","7,502.3","7,632.3","7,374.6","-1.02%"
"Nov 27, 2019","7,502.3","7,156.8","7,634.7","6,858.1","4.80%"
"Nov 26, 2019","7,158.5","7,110.3","7,340.3","7,033.0","0.68%"
"Nov 25, 2019","7,110.3","6,908.9","7,355.0","6,515.9","2.92%"
"Nov 24, 2019","6,908.9","7,311.3","7,327.5","6,879.7","-5.50%"
"Nov 23, 2019","7,311.3","7,273.7","7,338.1","7,088.3","0.52%"
"Nov 22, 2019","7,273.7","7,613.8","7,725.0","6,786.4","-4.47%"
"Nov 21, 2019","7,613.8","8,087.6","8,130.9","7,516.0","-5.86%"
"Nov 20, 2019","8,087.6","8,120.3","8,219.7","8,050.0","-0.40%"
"Nov 19, 2019","8,120.3","8,185.6","8,209.9","8,021.6","-0.80%"
"Nov 18, 2019","8,185.6","8,489.6","8,504.6","8,081.3","-3.58%"
"Nov 17, 2019","8,489.6","8,500.0","8,622.0","8,381.7","-0.12%"
"Nov 16, 2019","8,500.0","8,482.1","8,526.0","8,417.8","0.21%"
"Nov 15, 2019","8,482.1","8,655.0","8,771.4","8,400.0","-2.00%"
"Nov 14, 2019","8,655.0","8,780.5","8,797.8","8,594.6","-1.43%"
"Nov 13, 2019","8,780.5","8,804.5","8,834.3","8,700.5","-0.27%"
"Nov 12, 2019","8,804.5","8,733.7","8,870.0","8,597.2","0.81%"
"Nov 11, 2019","8,733.7","9,049.6","9,071.2","8,628.0","-3.49%"
"Nov 10, 2019","9,049.6","8,795.8","9,111.7","8,765.3","2.88%"
"Nov 09, 2019","8,795.8","8,774.5","8,924.6","8,738.5","0.24%"
"Nov 08, 2019","8,774.5","9,206.8","9,254.9","8,696.7","-4.69%"
"Nov 07, 2019","9,206.8","9,323.4","9,360.4","9,113.7","-1.25%"
"Nov 06, 2019","9,323.4","9,298.4","9,419.0","9,255.0","0.27%"
"Nov 05, 2019","9,298.4","9,401.5","9,457.0","9,180.1","-1.13%"
"Nov 04, 2019","9,404.6","9,193.2","9,500.0","9,124.4","2.30%"
"Nov 03, 2019","9,193.2","9,295.8","9,347.7","9,091.3","-1.11%"
"Nov 02, 2019","9,296.4","9,232.0","9,352.7","9,187.9","0.70%"
"Nov 01, 2019","9,232.0","9,140.5","9,272.9","9,041.5","1.00%"
"Oct 31, 2019","9,140.5","9,164.5","9,382.2","8,949.4","-0.26%"
"Oct 30, 2019","9,164.5","9,408.1","9,423.5","9,019.0","-2.59%"
"Oct 29, 2019","9,408.1","9,217.9","9,525.8","9,096.4","2.06%"
"Oct 28, 2019","9,217.9","9,526.3","9,918.1","9,198.7","-3.19%"
"Oct 27, 2019","9,522.1","9,212.3","9,763.1","9,078.5","3.36%"
"Oct 26, 2019","9,212.3","8,657.7","10,330.4","8,557.3","6.41%"
"Oct 25, 2019","8,657.7","7,429.5","8,759.4","7,386.4","16.53%"
"Oct 24, 2019","7,429.5","7,465.6","7,501.1","7,346.7","-0.48%"
"Oct 23, 2019","7,465.6","8,012.7","8,200.0","7,300.0","-6.83%"
"Oct 22, 2019","8,012.7","8,201.3","8,286.0","8,003.1","-2.30%"
"Oct 21, 2019","8,201.3","8,201.3","8,307.0","8,156.0","0.00%"
"Oct 20, 2019","8,201.3","7,944.7","8,283.0","7,881.4","3.23%"
"Oct 19, 2019","7,944.7","7,945.2","8,070.6","7,874.3","-0.01%"
"Oct 18, 2019","7,945.2","8,060.6","8,104.5","7,830.7","-1.62%"
"Oct 17, 2019","8,076.3","8,003.6","8,116.2","7,934.3","0.91%"
"Oct 16, 2019","8,003.6","8,170.7","8,177.0","7,466.1","-2.05%"
"Oct 15, 2019","8,170.7","8,339.3","8,392.8","8,113.5","-2.02%"
"Oct 14, 2019","8,339.3","8,283.3","8,387.9","8,228.7","0.68%"
"Oct 13, 2019","8,283.3","8,311.4","8,456.6","8,180.3","-0.34%"
"Oct 12, 2019","8,311.4","8,257.5","8,406.4","8,252.3","0.65%"
"Oct 11, 2019","8,257.5","8,549.9","8,787.1","8,245.4","-3.42%"
"Oct 10, 2019","8,549.9","8,565.1","8,651.4","8,415.7","-0.18%"
"Oct 09, 2019","8,565.1","8,172.2","8,658.2","8,112.1","4.81%"
"Oct 08, 2019","8,172.2","8,184.3","8,320.4","8,109.2","-0.15%"
"Oct 07, 2019","8,184.3","7,846.9","8,291.6","7,782.8","4.05%"
"Oct 06, 2019","7,866.0","8,137.6","8,141.6","7,806.1","-3.34%"
"Oct 05, 2019","8,137.6","8,149.1","8,180.9","8,015.2","-0.14%"
"Oct 04, 2019","8,149.1","8,216.2","8,234.3","8,024.4","-0.81%"
"Oct 03, 2019","8,215.3","8,353.5","8,390.1","8,072.9","-1.65%"
"Oct 02, 2019","8,353.5","8,296.6","8,361.1","7,906.7","0.68%"
"Oct 01, 2019","8,296.6","8,273.9","8,494.1","8,179.4","0.27%"
"Sep 30, 2019","8,273.9","8,053.1","8,310.0","7,731.3","2.77%"
"Sep 29, 2019","8,050.7","8,213.8","8,217.6","7,908.8","-1.99%"
"Sep 28, 2019","8,213.8","8,187.4","8,324.9","8,024.1","0.32%"
"Sep 27, 2019","8,187.4","8,056.6","8,237.6","7,871.1","1.62%"
"Sep 26, 2019","8,056.6","8,435.0","8,462.1","7,756.3","-4.49%"
"Sep 25, 2019","8,435.0","8,518.6","8,714.2","8,232.9","-0.98%"
"Sep 24, 2019","8,518.6","9,682.7","9,823.4","7,855.9","-12.02%"
"Sep 23, 2019","9,682.7","10,014.1","10,050.8","9,646.5","-3.31%"
"Sep 22, 2019","10,014.1","9,999.7","10,069.5","9,857.1","0.14%"
"Sep 21, 2019","9,999.7","10,160.8","10,181.5","9,931.3","-1.59%"
"Sep 20, 2019","10,160.8","10,245.4","10,270.8","10,083.9","-0.83%"
"Sep 19, 2019","10,245.4","10,167.7","10,303.8","9,683.0","0.76%"
"Sep 18, 2019","10,167.7","10,197.6","10,238.6","10,095.9","-0.29%"
"Sep 17, 2019","10,197.6","10,239.8","10,283.0","10,133.1","-0.41%"
"Sep 16, 2019","10,239.8","10,285.2","10,354.8","10,096.5","-0.44%"
"Sep 15, 2019","10,285.2","10,333.2","10,373.0","10,260.0","-0.46%"
"Sep 14, 2019","10,333.2","10,329.3","10,418.5","9,994.2","0.04%"
"Sep 13, 2019","10,329.3","10,392.2","10,416.9","10,144.4","-0.61%"
"Sep 12, 2019","10,392.2","10,150.4","10,437.9","10,037.4","2.38%"
"Sep 11, 2019","10,150.4","10,083.8","10,303.0","9,888.0","0.66%"
"Sep 10, 2019","10,083.8","10,302.1","10,384.9","9,960.5","-2.12%"
"Sep 09, 2019","10,302.1","10,389.6","10,490.4","10,100.0","-0.84%"
"Sep 08, 2019","10,389.6","10,466.1","10,563.5","10,229.9","-0.73%"
"Sep 07, 2019","10,466.1","10,321.7","10,566.6","10,292.7","1.40%"
"Sep 06, 2019","10,321.7","10,563.1","10,880.0","10,184.0","-2.29%"
"Sep 05, 2019","10,563.1","10,549.4","10,638.0","10,472.0","0.15%"
"Sep 04, 2019","10,547.2","10,612.5","10,782.6","10,380.0","-0.61%"
"Sep 03, 2019","10,612.5","10,345.8","10,740.0","10,244.8","2.69%"
"Sep 02, 2019","10,334.4","9,731.4","10,425.0","9,704.3","6.20%"
"Sep 01, 2019","9,731.4","9,597.5","9,796.0","9,524.6","1.39%"
"Aug 31, 2019","9,597.5","9,572.1","9,665.6","9,450.0","0.27%"
"Aug 30, 2019","9,572.1","9,489.5","9,669.9","9,370.0","0.87%"
"Aug 29, 2019","9,489.5","9,717.9","9,740.0","9,341.7","-2.35%"
"Aug 28, 2019","9,717.9","10,198.9","10,268.3","9,500.0","-4.72%"
"Aug 27, 2019","10,198.9","10,378.8","10,390.6","10,077.0","-1.73%"
"Aug 26, 2019","10,378.8","10,132.3","10,574.0","10,129.7","2.43%"
"Aug 25, 2019","10,132.3","10,132.0","10,310.0","9,924.6","0.00%"
"Aug 24, 2019","10,131.9","10,374.4","10,406.0","9,900.0","-2.52%"
"Aug 23, 2019","10,394.4","10,129.0","11,097.0","10,031.6","2.62%"
"Aug 22, 2019","10,129.0","10,152.7","10,250.0","9,786.7","-0.23%"
"Aug 21, 2019","10,152.7","10,740.2","10,792.5","9,894.6","-5.47%"
"Aug 20, 2019","10,740.2","10,917.4","10,936.5","10,562.1","-1.62%"
"Aug 19, 2019","10,917.4","10,326.0","10,917.4","10,265.1","5.73%"
"Aug 18, 2019","10,326.0","10,220.0","10,492.0","10,081.0","1.04%"
"Aug 17, 2019","10,220.0","10,351.0","10,452.0","10,020.0","-1.27%"
"Aug 16, 2019","10,351.0","10,290.6","10,519.7","9,782.3","0.59%"
"Aug 15, 2019","10,290.6","10,032.6","10,446.6","9,619.6","2.57%"
"Aug 14, 2019","10,032.6","10,896.6","10,896.6","9,969.6","-7.93%"
"Aug 13, 2019","10,896.6","11,388.0","11,444.0","10,818.2","-4.35%"
"Aug 12, 2019","11,392.6","11,525.0","11,537.6","11,267.0","-1.15%"
"Aug 11, 2019","11,525.0","11,326.9","11,578.9","11,141.0","1.75%"
"Aug 10, 2019","11,326.9","11,889.2","11,956.9","11,277.1","-4.63%"
"Aug 09, 2019","11,876.8","11,999.1","12,004.9","11,473.0","-0.83%"
"Aug 08, 2019","11,976.3","11,860.8","12,000.0","11,416.0","0.87%"
"Aug 07, 2019","11,873.1","11,445.0","12,046.6","10,750.0","3.74%"
"Aug 06, 2019","11,445.0","11,793.2","12,217.4","11,240.0","-2.92%"
"Aug 05, 2019","11,789.5","10,893.1","11,801.1","10,885.0","8.23%"
"Aug 04, 2019","10,893.1","10,798.0","11,000.0","10,553.9","0.88%"
"Aug 03, 2019","10,798.0","10,499.3","10,894.0","10,432.0","2.96%"
"Aug 02, 2019","10,487.5","10,387.6","10,644.3","10,307.4","0.96%"
"Aug 01, 2019","10,387.6","10,081.4","10,471.0","9,883.0","3.04%"
"Jul 31, 2019","10,081.4","9,573.1","10,087.0","9,553.6","5.31%"
"Jul 30, 2019","9,573.1","9,498.8","9,716.4","9,388.3","0.78%"
"Jul 29, 2019","9,498.8","9,535.1","9,703.9","9,426.1","-0.38%"
"Jul 28, 2019","9,535.1","9,481.1","9,597.2","9,188.5","0.57%"
"Jul 27, 2019","9,481.1","9,840.5","10,189.4","9,367.2","-3.65%"
"Jul 26, 2019","9,840.5","9,895.1","9,895.1","9,650.9","-0.55%"
"Jul 25, 2019","9,895.1","9,773.5","10,156.7","9,737.7","1.24%"
"Jul 24, 2019","9,773.5","9,870.2","9,936.2","9,566.3","-0.98%"
"Jul 23, 2019","9,870.2","10,295.0","10,330.9","9,849.6","-4.13%"
"Jul 22, 2019","10,295.0","10,625.9","10,685.5","10,118.5","-3.11%"
"Jul 21, 2019","10,625.9","10,745.4","10,802.4","10,318.5","-1.11%"
"Jul 20, 2019","10,745.4","10,504.8","11,073.0","10,383.0","2.29%"
"Jul 19, 2019","10,504.8","10,627.3","10,747.8","10,140.7","-1.15%"
"Jul 18, 2019","10,627.3","9,658.8","10,752.0","9,304.3","10.03%"
"Jul 17, 2019","9,658.8","9,398.1","9,926.0","9,058.7","2.77%"
"Jul 16, 2019","9,398.1","10,851.1","11,000.0","9,356.5","-13.39%"
"Jul 15, 2019","10,851.1","10,172.8","11,051.6","9,876.5","6.67%"
"Jul 14, 2019","10,172.8","11,384.7","11,439.5","10,095.0","-10.65%"
"Jul 13, 2019","11,384.7","11,755.5","11,807.1","10,854.0","-3.15%"
"Jul 12, 2019","11,755.5","11,346.3","11,872.9","11,096.6","3.61%"
"Jul 11, 2019","11,346.3","12,125.2","12,125.2","11,050.0","-6.42%"
"Jul 10, 2019","12,125.2","12,542.0","13,105.1","11,596.0","-3.32%"
"Jul 09, 2019","12,542.0","12,254.1","12,749.5","12,053.0","2.35%"
"Jul 08, 2019","12,254.1","11,416.7","12,333.0","11,309.0","7.33%"
"Jul 07, 2019","11,416.7","11,237.0","11,501.0","11,103.0","1.60%"
"Jul 06, 2019","11,237.0","10,942.5","11,632.0","10,942.5","2.69%"
"Jul 05, 2019","10,942.5","11,174.4","11,598.0","10,823.0","-2.07%"
"Jul 04, 2019","11,174.4","11,935.0","11,980.0","11,095.4","-6.37%"
"Jul 03, 2019","11,935.0","10,815.0","11,962.0","10,815.0","10.36%"
"Jul 02, 2019","10,815.0","10,632.7","10,905.1","9,711.9","1.71%"
"Jul 01, 2019","10,632.7","10,793.0","11,254.0","10,062.1","-1.49%"
"Jun 30, 2019","10,793.0","11,898.8","12,152.1","10,790.6","-9.29%"
"Jun 29, 2019","11,898.8","12,377.0","12,427.0","11,527.0","-3.86%"
"Jun 28, 2019","12,377.0","11,318.0","12,461.8","11,034.7","9.36%"
"Jun 27, 2019","11,318.0","13,111.8","13,439.0","10,526.0","-13.68%"
"Jun 26, 2019","13,111.8","11,816.0","14,000.0","11,769.4","10.97%"
"Jun 25, 2019","11,816.0","11,030.4","11,818.9","11,030.4","7.12%"
"Jun 24, 2019","11,030.4","10,888.0","11,113.8","10,642.4","1.31%"
"Jun 23, 2019","10,888.0","10,751.5","11,356.7","10,562.3","1.27%"
"Jun 22, 2019","10,751.5","10,146.0","11,145.0","9,979.5","5.97%"
"Jun 21, 2019","10,146.0","9,515.6","10,146.0","9,515.6","6.62%"
"Jun 20, 2019","9,515.6","9,258.8","9,595.4","9,173.5","2.77%"
"Jun 19, 2019","9,258.8","9,063.5","9,278.2","9,049.2","2.15%"
"Jun 18, 2019","9,063.5","9,306.2","9,306.2","8,955.8","-2.61%"
"Jun 17, 2019","9,306.2","8,935.2","9,413.4","8,935.2","4.15%"
"Jun 16, 2019","8,935.2","8,794.6","9,411.5","8,770.2","1.60%"
"Jun 15, 2019","8,794.6","8,654.7","8,836.6","8,572.8","1.62%"
"Jun 14, 2019","8,654.7","8,193.0","8,665.3","8,154.7","5.63%"
"Jun 13, 2019","8,193.0","8,125.6","8,300.0","8,026.3","0.83%"
"Jun 12, 2019","8,125.6","7,890.7","8,217.0","7,807.5","2.98%"
"Jun 11, 2019","7,890.7","7,980.5","8,012.8","7,715.2","-0.97%"
"Jun 10, 2019","7,968.1","7,651.0","8,050.0","7,536.1","4.14%"
"Jun 09, 2019","7,651.0","7,895.1","7,946.4","7,510.0","-3.09%"
"Jun 08, 2019","7,895.1","7,995.4","8,014.8","7,768.3","-1.26%"
"Jun 07, 2019","7,995.4","7,760.7","8,088.0","7,733.0","3.02%"
"Jun 06, 2019","7,760.7","7,790.6","7,853.3","7,471.3","-0.38%"
"Jun 05, 2019","7,790.6","7,678.8","8,000.0","7,587.6","1.46%"
"Jun 04, 2019","7,678.8","8,136.0","8,136.0","7,498.0","-5.62%"
"Jun 03, 2019","8,136.0","8,722.1","8,722.1","8,103.3","-6.72%"
"Jun 02, 2019","8,722.1","8,546.5","8,805.3","8,526.5","2.06%"
"Jun 01, 2019","8,546.5","8,548.9","8,634.7","8,448.4","-0.03%"
"May 31, 2019","8,548.9","8,283.8","8,589.1","8,127.4","3.20%"
"May 30, 2019","8,283.8","8,659.1","9,049.1","8,034.9","-4.33%"
"May 29, 2019","8,659.1","8,722.6","8,754.1","8,434.0","-0.73%"
"May 28, 2019","8,722.6","8,756.9","8,800.0","8,563.2","-0.39%"
"May 27, 2019","8,756.9","8,658.0","8,900.0","8,584.0","1.14%"
"May 26, 2019","8,658.0","8,017.5","8,713.9","7,865.5","7.99%"
"May 25, 2019","8,017.5","7,958.3","8,082.1","7,904.6","0.74%"
"May 24, 2019","7,958.3","7,826.5","8,133.7","7,781.0","1.68%"
"May 23, 2019","7,826.5","7,654.7","7,923.7","7,482.2","2.24%"
"May 22, 2019","7,654.7","7,911.9","8,030.0","7,493.7","-3.25%"
"May 21, 2019","7,911.9","7,947.4","8,035.2","7,781.0","-0.45%"
"May 20, 2019","7,947.4","8,159.3","8,159.3","7,566.5","-2.60%"
"May 19, 2019","8,159.3","7,267.0","8,254.7","7,255.7","12.28%"
"May 18, 2019","7,267.0","7,363.4","7,430.2","7,195.1","-1.31%"
"May 17, 2019","7,363.4","7,857.5","7,923.7","6,932.5","-6.29%"
"May 16, 2019","7,857.5","8,141.9","8,321.1","7,700.0","-3.49%"
"May 15, 2019","8,141.9","7,966.1","8,240.0","7,835.4","2.14%"
"May 14, 2019","7,971.2","7,803.8","8,290.0","7,627.8","2.15%"
"May 13, 2019","7,803.8","6,967.4","30,000.0","6,210.3","12.00%"
"May 12, 2019","6,967.4","7,115.0","7,547.4","6,784.7","-2.08%"
"May 11, 2019","7,115.0","6,380.6","7,347.5","6,366.5","11.51%"
"May 10, 2019","6,380.6","6,203.6","6,499.0","6,167.9","2.85%"
"May 09, 2019","6,203.6","5,983.0","6,212.7","5,983.0","3.69%"
"May 08, 2019","5,983.0","5,855.3","6,018.6","5,813.4","2.18%"
"May 07, 2019","5,855.3","5,782.9","6,007.7","5,758.7","1.25%"
"May 06, 2019","5,782.9","5,775.9","5,815.0","5,641.4","0.12%"
"May 05, 2019","5,775.9","5,823.2","5,837.7","5,704.9","-0.81%"
"May 04, 2019","5,823.2","5,766.3","5,902.1","5,608.8","0.99%"
"May 03, 2019","5,766.3","5,500.6","5,847.3","5,477.2","4.91%"
"May 02, 2019","5,496.7","5,384.0","5,525.4","5,365.5","2.09%"
"May 01, 2019","5,384.0","5,315.6","5,388.3","5,312.6","1.29%"
"Apr 30, 2019","5,315.6","5,236.0","5,337.0","5,198.0","1.52%"
"Apr 29, 2019","5,236.0","5,316.4","5,342.0","5,196.2","-1.51%"
"Apr 28, 2019","5,316.4","5,294.6","5,342.0","5,260.9","0.41%"
"Apr 27, 2019","5,294.6","5,303.9","5,339.6","5,252.6","-0.18%"
"Apr 26, 2019","5,303.9","5,208.0","5,508.9","5,164.2","1.84%"
"Apr 25, 2019","5,208.0","5,394.0","5,486.2","5,088.7","-3.45%"
"Apr 24, 2019","5,394.0","5,511.2","5,583.5","5,349.5","-2.13%"
"Apr 23, 2019","5,511.2","5,363.0","5,590.4","5,337.0","2.76%"
"Apr 22, 2019","5,363.0","5,267.1","5,402.1","5,220.9","1.82%"
"Apr 21, 2019","5,267.1","5,296.6","5,317.7","5,182.1","-0.56%"
"Apr 20, 2019","5,296.6","5,259.1","5,323.0","5,242.9","0.71%"
"Apr 19, 2019","5,259.1","5,244.7","5,323.5","5,100.0","0.27%"
"Apr 18, 2019","5,244.7","5,206.8","5,279.5","5,191.9","0.73%"
"Apr 17, 2019","5,206.8","5,160.7","5,220.8","5,144.2","0.89%"
"Apr 16, 2019","5,160.7","5,042.1","5,182.1","5,009.3","2.35%"
"Apr 15, 2019","5,042.1","5,129.6","5,165.8","4,958.6","-1.71%"
"Apr 14, 2019","5,129.6","5,060.0","5,143.1","5,005.0","1.37%"
"Apr 13, 2019","5,060.0","5,058.5","5,106.5","5,007.0","0.03%"
"Apr 12, 2019","5,058.5","5,033.2","5,074.9","4,878.0","0.50%"
"Apr 11, 2019","5,033.2","5,274.9","5,342.0","4,946.7","-4.58%"
"Apr 10, 2019","5,274.9","5,135.6","5,398.1","5,129.8","2.71%"
"Apr 09, 2019","5,135.6","5,219.5","5,227.4","5,087.0","-1.61%"
"Apr 08, 2019","5,219.5","5,149.5","5,289.9","5,058.6","1.36%"
"Apr 07, 2019","5,149.5","5,030.4","5,209.3","5,014.0","1.99%"
"Apr 06, 2019","5,048.8","4,996.5","5,180.2","4,932.9","1.05%"
"Apr 05, 2019","4,996.5","4,837.3","5,037.4","4,700.0","3.29%"
"Apr 04, 2019","4,837.3","4,940.1","5,042.1","4,810.3","-1.82%"
"Apr 03, 2019","4,926.8","4,860.1","5,267.9","4,368.9","1.37%"
"Apr 02, 2019","4,860.1","4,138.1","4,884.8","4,130.9","17.45%"
"Apr 01, 2019","4,138.1","4,097.5","4,165.2","4,059.5","0.99%"
"Mar 31, 2019","4,097.5","4,097.0","4,124.3","4,073.0","0.01%"
"Mar 30, 2019","4,097.0","4,103.1","4,139.0","4,050.8","-0.15%"
"Mar 29, 2019","4,103.1","4,010.4","4,109.6","4,005.0","2.31%"
"Mar 28, 2019","4,010.4","4,027.4","4,039.0","4,005.0","-0.42%"
"Mar 27, 2019","4,027.4","3,937.4","4,039.0","3,930.5","2.28%"
"Mar 26, 2019","3,937.4","3,937.6","3,959.0","3,900.6","-0.00%"
"Mar 25, 2019","3,937.6","3,981.9","4,012.6","3,892.7","-1.11%"
"Mar 24, 2019","3,981.9","3,990.4","4,016.5","3,966.3","-0.21%"
"Mar 23, 2019","3,990.4","3,997.0","4,016.5","3,966.3","-0.17%"
"Mar 22, 2019","3,997.0","3,998.8","4,016.5","3,969.4","-0.04%"
"Mar 21, 2019","3,998.8","4,036.2","4,061.7","3,909.7","-0.93%"
"Mar 20, 2019","4,036.2","3,992.5","4,145.9","3,980.6","1.10%"
"Mar 19, 2019","3,992.5","3,992.6","4,028.0","3,962.6","-0.00%"
"Mar 18, 2019","3,992.6","3,986.5","4,027.7","3,958.7","0.15%"
"Mar 17, 2019","3,986.5","4,018.5","4,018.5","3,945.6","-0.54%"
"Mar 16, 2019","4,008.3","3,907.6","4,042.3","3,907.6","2.58%"
"Mar 15, 2019","3,907.6","3,865.0","3,944.8","3,840.2","1.10%"
"Mar 14, 2019","3,865.0","3,878.5","3,905.7","3,653.5","-0.35%"
"Mar 13, 2019","3,878.5","3,879.5","3,892.1","3,843.9","-0.03%"
"Mar 12, 2019","3,879.5","3,859.7","3,902.0","3,813.6","0.51%"
"Mar 11, 2019","3,859.7","3,909.5","4,000.0","3,825.5","-1.27%"
"Mar 10, 2019","3,909.5","3,931.4","3,938.6","3,889.4","-0.56%"
"Mar 09, 2019","3,931.4","3,862.3","3,955.4","3,858.4","1.79%"
"Mar 08, 2019","3,862.3","3,888.6","3,920.7","3,793.4","-0.68%"
"Mar 07, 2019","3,888.6","3,852.0","4,286.0","3,835.4","0.95%"
"Mar 06, 2019","3,852.0","3,847.2","3,891.5","3,814.0","0.13%"
"Mar 05, 2019","3,847.2","3,710.8","3,865.0","3,701.7","3.68%"
"Mar 04, 2019","3,710.8","3,797.8","3,819.3","3,675.1","-2.29%"
"Mar 03, 2019","3,797.8","3,813.7","3,839.0","3,792.7","-0.42%"
"Mar 02, 2019","3,813.7","3,847.2","3,847.8","3,782.2","-0.87%"
"Mar 01, 2019","3,847.2","3,817.8","3,931.3","3,814.0","0.77%"
"Feb 28, 2019","3,817.8","3,802.5","3,879.0","3,775.2","0.40%"
"Feb 27, 2019","3,802.5","3,810.5","3,843.1","3,695.8","-0.21%"
"Feb 26, 2019","3,810.5","3,834.3","3,859.5","3,782.2","-0.62%"
"Feb 25, 2019","3,834.3","3,746.9","3,884.0","3,745.4","2.33%"
"Feb 24, 2019","3,746.9","4,095.2","4,181.4","3,719.2","-8.50%"
"Feb 23, 2019","4,095.2","3,962.8","4,138.7","3,943.5","3.34%"
"Feb 22, 2019","3,962.8","3,922.2","3,984.5","3,922.2","1.04%"
"Feb 21, 2019","3,922.2","3,967.8","4,005.3","3,912.0","-1.15%"
"Feb 20, 2019","3,967.8","3,923.1","3,982.8","3,876.3","1.14%"
"Feb 19, 2019","3,923.1","3,862.3","3,994.1","3,856.9","1.58%"
"Feb 18, 2019","3,862.3","3,661.9","3,909.6","3,643.0","5.47%"
"Feb 17, 2019","3,661.9","3,635.4","3,703.7","3,613.9","0.73%"
"Feb 16, 2019","3,635.4","3,614.3","3,652.2","3,589.0","0.58%"
"Feb 15, 2019","3,614.3","3,596.6","3,644.9","3,582.4","0.49%"
"Feb 14, 2019","3,596.6","3,621.5","3,631.9","3,576.8","-0.69%"
"Feb 13, 2019","3,621.5","3,638.2","3,657.6","3,586.5","-0.46%"
"Feb 12, 2019","3,638.2","3,638.9","3,655.3","3,586.5","-0.02%"
"Feb 11, 2019","3,638.9","3,661.7","3,661.7","3,610.0","-0.62%"
"Feb 10, 2019","3,661.7","3,652.2","3,672.7","3,606.6","0.26%"
"Feb 09, 2019","3,652.2","3,645.5","3,662.5","3,616.7","0.18%"
"Feb 08, 2019","3,645.5","3,415.2","3,705.0","3,377.3","6.74%"
"Feb 07, 2019","3,415.2","3,405.5","3,434.3","3,376.2","0.29%"
"Feb 06, 2019","3,405.5","3,460.9","3,473.0","3,391.4","-1.60%"
"Feb 05, 2019","3,460.9","3,457.2","3,482.7","3,440.0","0.11%"
"Feb 04, 2019","3,457.2","3,456.9","3,482.7","3,421.2","0.01%"
"Feb 03, 2019","3,456.9","3,496.0","3,509.0","3,436.0","-1.12%"
"Feb 02, 2019","3,496.0","3,458.4","3,510.1","3,429.6","1.09%"
"Feb 01, 2019","3,458.4","3,427.1","3,487.7","3,388.9","0.91%"
"Jan 31, 2019","3,427.1","3,444.0","3,463.3","3,022.7","-0.49%"
"Jan 30, 2019","3,444.0","3,399.7","3,473.0","3,092.0","1.30%"
"Jan 29, 2019","3,399.7","3,426.3","3,434.3","3,099.4","-0.78%"
"Jan 28, 2019","3,426.3","3,529.6","3,541.6","3,381.9","-2.93%"
"Jan 27, 2019","3,529.6","3,562.4","3,562.4","2,907.2","-0.92%"
"Jan 26, 2019","3,562.4","3,559.6","3,631.9","3,538.0","0.08%"
"Jan 25, 2019","3,559.6","3,548.9","3,586.4","486.0","0.30%"
"Jan 24, 2019","3,548.9","3,557.2","3,571.5","3,222.0","-0.23%"
"Jan 23, 2019","3,557.2","3,586.9","4,840.0","3,146.7","-0.83%"
"Jan 22, 2019","3,586.9","3,522.4","3,606.3","3,435.8","1.83%"
"Jan 21, 2019","3,522.4","3,558.9","3,571.5","3,500.0","-1.03%"
"Jan 20, 2019","3,558.9","3,660.4","3,693.3","3,500.0","-2.74%"
"Jan 19, 2019","3,659.3","3,597.9","3,725.6","3,593.3","1.71%"
"Jan 18, 2019","3,597.9","3,619.0","3,621.7","3,576.5","-0.58%"
"Jan 17, 2019","3,619.0","3,597.3","3,628.7","3,562.7","0.60%"
"Jan 16, 2019","3,597.3","3,560.9","3,642.0","3,546.6","1.02%"
"Jan 15, 2019","3,560.9","3,641.7","3,662.5","3,536.0","-2.06%"
"Jan 14, 2019","3,636.0","3,477.8","3,674.0","3,477.8","4.55%"
"Jan 13, 2019","3,477.8","3,611.6","3,621.7","3,468.1","-3.70%"
"Jan 12, 2019","3,611.6","3,606.6","3,637.1","3,557.3","0.14%"
"Jan 11, 2019","3,606.6","3,601.5","3,645.6","3,536.7","0.14%"
"Jan 10, 2019","3,601.5","3,982.9","3,994.1","3,546.6","-9.58%"
"Jan 09, 2019","3,982.9","3,971.3","4,016.5","3,942.2","0.29%"
"Jan 08, 2019","3,971.3","3,960.7","4,052.6","3,921.4","0.27%"
"Jan 07, 2019","3,960.7","4,016.5","4,024.9","3,928.6","-1.39%"
"Jan 06, 2019","4,016.5","3,798.0","4,039.0","3,760.1","5.75%"
"Jan 05, 2019","3,798.0","3,808.7","3,844.9","3,771.6","-0.28%"
"Jan 04, 2019","3,808.7","3,765.6","3,840.8","3,728.3","1.14%"
"Jan 03, 2019","3,765.6","3,867.7","3,867.7","3,723.6","-2.64%"
"Jan 02, 2019","3,867.7","3,814.8","3,886.9","3,750.6","1.39%"
"Jan 01, 2019","3,814.8","3,693.3","3,814.8","3,657.4","3.29%"
"Dec 31, 2018","3,693.3","3,808.7","3,808.7","3,657.4","-3.03%"
"Dec 30, 2018","3,808.7","3,688.2","3,830.0","3,677.9","3.27%"
"Dec 29, 2018","3,688.2","3,830.0","3,873.1","3,688.2","-3.70%"
"Dec 28, 2018","3,830.0","3,556.5","3,865.5","3,556.5","6.94%"
"Dec 27, 2018","3,581.5","3,771.6","3,799.5","3,536.7","-5.04%"
"Dec 26, 2018","3,771.6","3,745.3","3,844.1","3,685.6","0.70%"
"Dec 25, 2018","3,745.3","4,042.0","4,042.0","3,656.9","-7.34%"
"Dec 24, 2018","4,042.0","3,910.8","4,188.1","3,910.8","3.36%"
"Dec 23, 2018","3,910.8","3,949.2","4,016.0","3,889.0","-0.97%"
"Dec 22, 2018","3,949.2","3,825.0","3,954.8","3,792.3","3.25%"
"Dec 21, 2018","3,825.0","4,061.2","4,129.9","3,760.6","-5.82%"
"Dec 20, 2018","4,061.2","3,683.3","4,118.4","3,656.9","10.26%"
"Dec 19, 2018","3,683.3","3,614.1","3,905.3","3,587.8","1.91%"
"Dec 18, 2018","3,614.1","3,517.2","3,618.5","3,435.8","2.76%"
"Dec 17, 2018","3,517.2","3,226.9","3,591.1","3,213.6","9.00%"
"Dec 16, 2018","3,226.9","3,218.6","3,286.6","3,196.7","0.26%"
"Dec 15, 2018","3,218.6","3,222.1","3,259.7","3,162.1","-0.11%"
"Dec 14, 2018","3,222.1","3,308.1","3,428.0","3,183.2","-2.60%"
"Dec 13, 2018","3,308.1","3,445.6","3,451.1","3,249.5","-3.99%"
"Dec 12, 2018","3,445.6","3,401.6","3,515.3","3,365.8","1.29%"
"Dec 11, 2018","3,401.6","3,427.9","3,456.8","3,338.1","-0.77%"
"Dec 10, 2018","3,427.9","3,552.2","3,596.7","3,394.6","-3.50%"
"Dec 09, 2018","3,552.2","3,423.2","3,646.4","3,404.0","3.77%"
"Dec 08, 2018","3,423.2","3,387.5","3,485.9","3,300.0","1.05%"
"Dec 07, 2018","3,387.5","3,513.2","3,843.9","3,237.0","-3.58%"
"Dec 06, 2018","3,513.2","3,772.0","3,897.0","3,513.2","-6.86%"
"Dec 05, 2018","3,772.0","3,963.2","3,972.0","3,754.4","-4.82%"
"Dec 04, 2018","3,963.2","3,925.1","4,081.4","3,801.0","0.97%"
"Dec 03, 2018","3,925.1","4,171.4","4,181.1","3,750.0","-5.91%"
"Dec 02, 2018","4,171.4","4,218.3","4,312.3","4,115.8","-1.11%"
"Dec 01, 2018","4,218.3","4,053.0","4,373.3","3,980.0","4.08%"
"Nov 30, 2018","4,053.0","4,292.6","4,346.6","3,948.2","-5.58%"
"Nov 29, 2018","4,292.6","4,252.7","4,450.1","4,147.8","0.53%"
"Nov 28, 2018","4,270.0","3,878.8","4,396.9","3,878.8","10.09%"
"Nov 27, 2018","3,878.8","3,866.3","3,933.6","3,715.6","0.32%"
"Nov 26, 2018","3,866.3","4,094.3","4,171.9","3,702.2","-5.57%"
"Nov 25, 2018","4,094.3","3,958.6","4,216.3","3,655.5","3.94%"
"Nov 24, 2018","3,938.9","4,421.7","4,508.9","3,828.5","-10.92%"
"Nov 23, 2018","4,421.7","4,376.6","4,466.6","4,203.3","0.65%"
"Nov 22, 2018","4,393.2","4,657.8","4,702.3","4,366.2","-5.78%"
"Nov 21, 2018","4,662.6","4,563.5","4,781.6","4,392.4","2.17%"
"Nov 20, 2018","4,563.5","4,922.8","5,030.8","4,340.8","-7.30%"
"Nov 19, 2018","4,922.8","5,647.1","5,658.4","4,868.1","-12.81%"
"Nov 18, 2018","5,645.8","5,613.9","5,717.1","5,613.9","0.60%"
"Nov 17, 2018","5,612.0","5,652.3","5,669.3","5,551.7","-0.71%"
"Nov 16, 2018","5,652.3","5,749.1","5,765.6","5,567.2","-1.38%"
"Nov 15, 2018","5,731.7","5,862.2","5,906.9","5,428.8","-2.23%"
"Nov 14, 2018","5,862.2","6,464.4","6,988.0","5,677.2","-9.32%"
"Nov 13, 2018","6,464.4","6,437.1","6,514.9","6,404.5","0.57%"
"Nov 12, 2018","6,428.0","6,450.3","6,479.4","6,411.2","-0.35%"
"Nov 11, 2018","6,450.3","6,452.3","6,464.2","6,377.1","-0.13%"
"Nov 10, 2018","6,458.5","6,414.9","6,480.8","6,414.9","0.68%"
"Nov 09, 2018","6,414.9","6,489.9","6,522.9","6,412.0","-1.16%"
"Nov 08, 2018","6,489.9","6,554.9","6,589.7","6,470.2","-0.99%"
"Nov 07, 2018","6,554.9","6,491.7","6,603.0","6,491.7","1.00%"
"Nov 06, 2018","6,490.2","6,438.0","6,637.8","6,425.0","0.81%"
"Nov 05, 2018","6,438.0","6,452.3","6,486.5","6,425.0","-0.28%"
"Nov 04, 2018","6,456.3","6,372.3","6,486.5","6,349.6","1.22%"
"Nov 03, 2018","6,378.7","6,395.8","6,425.2","6,354.3","-0.27%"
"Nov 02, 2018","6,395.8","6,384.9","6,436.8","6,377.6","0.04%"
"Nov 01, 2018","6,393.0","6,372.9","6,417.8","6,285.3","0.00%"
"Oct 31, 2018","6,392.8","6,360.2","6,404.8","6,284.4","0.51%"
"Oct 30, 2018","6,360.2","6,362.0","6,394.0","6,300.6","-0.03%"
"Oct 29, 2018","6,362.0","6,500.4","6,511.8","6,351.2","-2.11%"
"Oct 28, 2018","6,499.4","6,518.3","6,550.9","6,477.6","-0.29%"
"Oct 27, 2018","6,518.3","6,562.4","6,767.0","6,490.9","-0.67%"
"Oct 26, 2018","6,562.4","6,574.6","6,590.4","6,518.3","-0.19%"
"Oct 25, 2018","6,574.6","6,588.6","6,615.0","6,518.3","-0.21%"
"Oct 24, 2018","6,588.6","6,558.2","6,638.9","6,542.7","0.46%"
"Oct 23, 2018","6,558.2","6,585.9","6,638.9","6,527.2","-0.67%"
"Oct 22, 2018","6,602.2","6,609.8","6,638.9","6,562.3","-0.12%"
"Oct 21, 2018","6,609.8","6,583.2","6,665.6","6,583.0","0.40%"
"Oct 20, 2018","6,583.2","6,546.5","6,766.1","6,533.6","0.56%"
"Oct 19, 2018","6,546.5","6,730.6","6,730.6","6,533.6","-2.74%"
"Oct 18, 2018","6,730.6","6,754.1","6,779.6","6,705.5","-0.35%"
"Oct 17, 2018","6,754.1","6,749.4","6,820.4","6,700.0","0.07%"
"Oct 16, 2018","6,749.4","6,752.5","6,861.4","6,697.0","-0.05%"
"Oct 15, 2018","6,752.5","6,347.0","7,200.0","6,318.3","6.39%"
"Oct 14, 2018","6,347.0","6,335.0","6,415.6","6,315.4","0.19%"
"Oct 13, 2018","6,335.0","6,327.1","6,353.0","6,281.1","0.12%"
"Oct 12, 2018","6,327.1","6,301.8","6,359.2","6,134.3","0.40%"
"Oct 11, 2018","6,301.8","6,610.8","6,625.6","6,216.8","-4.68%"
"Oct 10, 2018","6,610.8","6,642.2","6,665.3","6,481.7","-0.47%"
"Oct 09, 2018","6,642.2","6,652.0","6,670.2","6,614.9","-0.15%"
"Oct 08, 2018","6,652.0","6,605.4","6,821.7","6,573.0","0.71%"
"Oct 07, 2018","6,605.4","6,581.4","6,617.0","6,535.0","0.36%"
"Oct 06, 2018","6,581.4","6,636.2","6,656.4","6,535.0","-0.83%"
"Oct 05, 2018","6,636.2","6,576.9","6,663.3","6,551.2","0.90%"
"Oct 04, 2018","6,576.9","6,485.1","6,591.0","6,466.7","1.42%"
"Oct 03, 2018","6,485.1","6,534.9","6,551.5","6,350.0","-0.76%"
"Oct 02, 2018","6,534.9","6,576.2","6,622.2","6,516.9","-0.63%"
"Oct 01, 2018","6,576.2","6,619.2","6,693.3","6,512.1","-0.65%"
"Sep 30, 2018","6,619.2","6,600.8","6,638.1","6,346.6","0.28%"
"Sep 29, 2018","6,600.8","6,639.7","6,639.7","6,300.0","-0.59%"
"Sep 28, 2018","6,639.7","6,661.6","6,758.5","6,550.0","-0.33%"
"Sep 27, 2018","6,661.6","6,457.7","6,700.0","6,277.8","3.16%"
"Sep 26, 2018","6,457.7","6,411.6","6,524.9","6,379.5","0.72%"
"Sep 25, 2018","6,411.6","6,592.9","6,592.9","6,312.5","-2.75%"
"Sep 24, 2018","6,592.9","6,691.9","6,706.0","6,547.3","-1.48%"
"Sep 23, 2018","6,691.9","6,702.5","6,749.0","6,616.2","-0.28%"
"Sep 22, 2018","6,710.5","6,687.2","6,788.4","6,604.6","0.35%"
"Sep 21, 2018","6,687.2","6,482.9","6,737.0","6,452.8","3.15%"
"Sep 20, 2018","6,482.9","6,401.3","6,510.0","6,351.6","1.27%"
"Sep 19, 2018","6,401.3","6,301.2","6,503.1","6,143.3","1.59%"
"Sep 18, 2018","6,301.2","6,231.3","6,389.1","6,226.6","1.12%"
"Sep 17, 2018","6,231.3","6,519.0","6,529.8","6,198.7","-4.41%"
"Sep 16, 2018","6,519.0","6,502.7","6,545.3","6,396.7","0.25%"
"Sep 15, 2018","6,502.7","6,465.6","6,600.0","6,447.6","0.57%"
"Sep 14, 2018","6,465.6","6,506.4","6,685.0","6,396.7","-0.63%"
"Sep 13, 2018","6,506.4","6,315.6","6,681.1","6,307.7","3.02%"
"Sep 12, 2018","6,315.6","6,291.7","6,371.1","6,204.8","0.38%"
"Sep 11, 2018","6,291.7","6,333.7","6,384.5","6,101.0","-0.66%"
"Sep 10, 2018","6,333.7","6,296.2","6,377.7","6,159.0","1.15%"
"Sep 09, 2018","6,261.4","6,243.7","6,424.8","6,160.0","0.28%"
"Sep 08, 2018","6,243.7","6,437.9","6,751.6","5,849.6","-2.97%"
"Sep 07, 2018","6,434.7","6,495.4","6,537.4","6,322.5","-0.93%"
"Sep 06, 2018","6,495.4","6,709.0","6,724.0","6,322.1","-3.18%"
"Sep 05, 2018","6,709.0","7,355.5","7,395.9","6,709.0","-8.79%"
"Sep 04, 2018","7,355.5","7,250.0","7,406.9","7,245.0","1.46%"
"Sep 03, 2018","7,250.0","7,254.7","7,310.4","7,197.9","-0.06%"
"Sep 02, 2018","7,254.7","7,197.9","7,336.0","7,122.1","0.79%"
"Sep 01, 2018","7,197.9","7,015.9","7,250.0","6,987.1","2.59%"
"Aug 31, 2018","7,015.9","6,961.4","7,066.1","6,800.0","0.78%"
"Aug 30, 2018","6,961.4","7,029.7","7,065.6","6,653.6","-0.97%"
"Aug 29, 2018","7,029.7","7,066.2","7,138.8","6,600.0","-0.16%"
"Aug 28, 2018","7,040.8","6,873.3","7,129.7","6,816.3","2.44%"
"Aug 27, 2018","6,873.3","6,684.9","6,900.0","6,657.3","2.82%"
"Aug 26, 2018","6,684.9","6,712.7","6,736.2","6,548.0","-0.41%"
"Aug 25, 2018","6,712.7","6,698.4","6,761.3","6,646.8","0.21%"
"Aug 24, 2018","6,698.4","6,525.8","6,711.4","6,478.2","2.65%"
"Aug 23, 2018","6,525.8","6,364.2","6,561.0","6,364.2","2.54%"
"Aug 22, 2018","6,364.2","6,443.0","6,865.9","6,200.0","-1.22%"
"Aug 21, 2018","6,443.0","6,266.2","6,472.0","6,250.0","2.82%"
"Aug 20, 2018","6,266.2","6,492.7","6,516.9","6,235.4","-3.49%"
"Aug 19, 2018","6,492.7","6,409.0","6,515.4","6,329.2","1.31%"
"Aug 18, 2018","6,409.0","6,548.0","6,592.0","6,301.1","-2.12%"
"Aug 17, 2018","6,548.0","6,313.7","6,572.9","6,290.0","3.71%"
"Aug 16, 2018","6,313.7","6,276.6","6,447.4","6,227.9","0.59%"
"Aug 15, 2018","6,276.6","6,177.8","6,599.1","6,163.0","1.60%"
"Aug 14, 2018","6,177.8","6,277.8","6,277.8","5,886.0","-1.59%"
"Aug 13, 2018","6,277.8","6,327.9","6,510.8","6,163.0","-0.93%"
"Aug 12, 2018","6,336.6","6,239.0","6,439.7","6,184.5","1.67%"
"Aug 11, 2018","6,232.7","6,140.7","6,474.0","6,014.1","1.50%"
"Aug 10, 2018","6,140.7","6,536.1","6,788.0","6,035.1","-6.19%"
"Aug 09, 2018","6,545.8","6,275.7","6,622.2","6,206.2","4.25%"
"Aug 08, 2018","6,279.1","6,709.8","6,714.7","6,141.5","-6.42%"
"Aug 07, 2018","6,709.8","6,910.4","7,436.2","6,696.0","-2.90%"
"Aug 06, 2018","6,910.4","7,010.4","7,151.3","6,850.0","-1.43%"
"Aug 05, 2018","7,010.4","6,986.9","7,076.7","6,900.0","0.34%"
"Aug 04, 2018","6,986.9","7,383.6","7,475.0","6,964.6","-5.37%"
"Aug 03, 2018","7,383.6","7,577.6","7,608.5","7,315.5","-2.56%"
"Aug 02, 2018","7,577.6","7,607.3","7,695.7","7,147.8","-0.39%"
"Aug 01, 2018","7,607.3","7,735.9","7,766.3","7,468.7","-1.66%"
"Jul 31, 2018","7,735.9","8,178.1","8,178.1","7,665.0","-5.41%"
"Jul 30, 2018","8,178.1","8,218.1","8,371.7","7,843.1","-0.58%"
"Jul 29, 2018","8,225.6","8,195.2","8,269.4","8,122.0","0.37%"
"Jul 28, 2018","8,195.2","8,168.3","8,252.7","8,065.4","0.33%"
"Jul 27, 2018","8,168.3","7,953.4","8,252.7","7,802.7","2.70%"
"Jul 26, 2018","7,953.4","8,161.3","8,300.0","7,880.3","-2.55%"
"Jul 25, 2018","8,161.3","8,381.4","8,815.0","8,065.4","-2.97%"
"Jul 24, 2018","8,410.8","7,772.9","8,486.6","7,730.0","8.44%"
"Jul 23, 2018","7,756.2","7,413.4","7,788.5","7,401.8","4.62%"
"Jul 22, 2018","7,413.4","7,452.5","7,905.0","7,162.0","-0.52%"
"Jul 21, 2018","7,452.5","7,393.6","7,452.5","7,250.0","1.17%"
"Jul 20, 2018","7,366.1","7,434.2","7,891.0","7,288.2","-0.92%"
"Jul 19, 2018","7,434.2","7,374.1","7,536.1","7,262.5","0.82%"
"Jul 18, 2018","7,374.1","7,329.5","7,588.9","7,245.4","0.61%"
"Jul 17, 2018","7,329.5","6,670.6","7,400.0","6,632.1","9.88%"
"Jul 16, 2018","6,670.6","6,282.8","6,692.0","6,249.7","6.17%"
"Jul 15, 2018","6,282.8","6,235.4","6,372.5","6,206.3","0.76%"
"Jul 14, 2018","6,235.4","6,154.0","6,250.0","5,750.0","1.32%"
"Jul 13, 2018","6,154.0","6,251.9","6,386.0","5,708.3","-1.57%"
"Jul 12, 2018","6,251.9","6,345.2","6,372.5","6,112.1","-1.47%"
"Jul 11, 2018","6,345.2","6,302.9","6,409.2","5,924.4","0.67%"
"Jul 10, 2018","6,302.9","6,664.1","6,678.0","6,297.8","-5.42%"
"Jul 09, 2018","6,664.1","6,686.1","6,899.0","6,639.9","-0.33%"
"Jul 08, 2018","6,686.1","6,740.3","6,770.3","6,262.6","-0.80%"
"Jul 07, 2018","6,740.3","6,576.3","6,770.6","6,509.2","2.49%"
"Jul 06, 2018","6,576.3","6,536.8","6,890.0","6,463.8","0.61%"
"Jul 05, 2018","6,536.8","6,582.1","7,065.2","5,936.9","-0.69%"
"Jul 04, 2018","6,582.1","6,498.3","6,721.1","6,418.8","1.29%"
"Jul 03, 2018","6,498.3","6,599.5","6,660.3","6,450.4","-1.53%"
"Jul 02, 2018","6,599.5","6,351.9","6,649.0","6,285.7","3.90%"
"Jul 01, 2018","6,351.9","6,364.6","6,431.6","6,201.7","-0.20%"
"Jun 30, 2018","6,364.6","6,205.4","6,499.4","5,772.2","2.65%"
"Jun 29, 2018","6,200.5","5,856.1","6,268.9","5,811.1","5.88%"
"Jun 28, 2018","5,856.1","6,106.1","6,124.6","5,856.1","-4.09%"
"Jun 27, 2018","6,106.1","6,059.5","6,126.1","6,006.6","0.77%"
"Jun 26, 2018","6,059.5","6,252.1","6,255.1","6,048.7","-2.58%"
"Jun 25, 2018","6,220.1","6,133.1","6,329.5","5,050.5","1.42%"
"Jun 24, 2018","6,133.1","6,217.9","6,488.7","5,276.3","-0.71%"
"Jun 23, 2018","6,176.8","6,074.9","6,254.3","6,048.7","2.03%"
"Jun 22, 2018","6,053.7","6,695.2","6,722.7","5,985.6","-9.87%"
"Jun 21, 2018","6,716.6","6,739.0","6,791.6","6,658.6","-0.33%"
"Jun 20, 2018","6,739.0","6,688.9","6,777.7","6,554.8","0.75%"
"Jun 19, 2018","6,688.9","6,686.1","6,810.3","6,656.4","0.04%"
"Jun 18, 2018","6,686.1","6,489.4","6,799.0","6,396.4","3.03%"
"Jun 17, 2018","6,489.4","6,495.7","6,586.5","6,441.3","-0.16%"
"Jun 16, 2018","6,499.8","6,431.5","6,545.0","6,336.0","1.06%"
"Jun 15, 2018","6,431.5","6,624.9","6,650.0","6,386.4","-2.73%"
"Jun 14, 2018","6,611.9","6,307.7","6,691.2","6,304.4","4.82%"
"Jun 13, 2018","6,307.7","6,585.4","6,625.1","5,050.0","-4.35%"
"Jun 12, 2018","6,594.4","6,871.0","7,249.0","6,497.4","-4.03%"
"Jun 11, 2018","6,871.0","6,745.5","6,933.0","6,700.0","1.86%"
"Jun 10, 2018","6,745.5","7,487.8","7,487.8","5,500.0","-9.72%"
"Jun 09, 2018","7,472.0","7,643.4","7,691.0","7,469.5","-2.24%"
"Jun 08, 2018","7,643.4","7,625.9","7,690.6","7,548.2","-0.19%"
"Jun 07, 2018","7,657.7","7,617.0","7,726.1","7,544.9","0.53%"
"Jun 06, 2018","7,617.0","7,581.5","7,672.3","7,479.3","0.40%"
"Jun 05, 2018","7,587.0","7,507.3","7,637.2","7,356.4","1.06%"
"Jun 04, 2018","7,507.3","7,693.2","7,718.3","7,453.3","-2.42%"
"Jun 03, 2018","7,693.2","7,589.4","7,747.2","7,588.5","1.37%"
"Jun 02, 2018","7,589.4","7,513.1","7,672.3","7,446.0","1.02%"
"Jun 01, 2018","7,513.1","7,486.9","7,592.3","7,351.0","0.35%"
"May 31, 2018","7,486.9","7,388.4","7,723.0","7,368.3","1.33%"
"May 30, 2018","7,388.4","7,420.0","8,017.0","7,308.5","-0.43%"
"May 29, 2018","7,420.0","7,108.7","7,513.1","7,093.1","3.97%"
"May 28, 2018","7,136.6","7,345.1","7,426.1","7,103.1","-3.28%"
"May 27, 2018","7,378.4","7,397.0","7,592.3","7,308.5","-0.25%"
"May 26, 2018","7,397.0","7,457.4","7,611.2","7,350.0","-0.81%"
"May 25, 2018","7,457.4","7,574.5","7,644.1","7,095.1","-1.55%"
"May 24, 2018","7,574.5","7,529.5","7,762.2","7,095.1","0.60%"
"May 23, 2018","7,529.5","8,002.0","8,045.2","7,500.0","-5.90%"
"May 22, 2018","8,002.0","8,420.6","8,427.1","8,002.0","-4.97%"
"May 21, 2018","8,420.6","8,543.9","8,619.9","8,336.5","-1.44%"
"May 20, 2018","8,543.9","8,222.0","8,550.0","8,183.1","3.75%"
"May 19, 2018","8,234.8","8,213.6","8,429.8","8,122.8","0.26%"
"May 18, 2018","8,213.6","8,082.7","8,249.8","7,966.3","1.62%"
"May 17, 2018","8,082.7","8,318.5","8,424.3","8,050.0","-2.83%"
"May 16, 2018","8,318.5","8,480.4","8,495.8","8,135.1","-1.91%"
"May 15, 2018","8,480.4","8,639.0","8,944.0","8,424.3","-1.84%"
"May 14, 2018","8,639.0","8,693.5","8,881.0","8,305.5","-0.28%"
"May 13, 2018","8,663.1","8,424.3","8,730.0","8,347.7","2.83%"
"May 12, 2018","8,424.3","8,447.6","8,949.0","8,200.0","-0.28%"
"May 11, 2018","8,447.6","9,100.5","9,100.5","8,400.0","-6.76%"
"May 10, 2018","9,060.0","9,302.2","9,406.7","9,060.0","-2.81%"
"May 09, 2018","9,321.9","9,201.6","9,392.1","9,020.0","1.31%"
"May 08, 2018","9,201.6","9,340.1","9,449.5","9,084.0","-1.69%"
"May 07, 2018","9,359.3","9,657.4","9,687.0","9,241.1","-3.09%"
"May 06, 2018","9,657.4","9,875.1","9,932.1","9,472.2","-2.20%"
"May 05, 2018","9,875.1","9,693.8","9,966.0","9,672.8","1.87%"
"May 04, 2018","9,693.8","9,751.3","9,794.2","9,374.0","-0.59%"
"May 03, 2018","9,751.3","9,212.6","9,771.0","9,155.8","5.59%"
"May 02, 2018","9,235.3","9,020.0","9,261.7","8,993.0","2.39%"
"May 01, 2018","9,020.0","9,284.8","9,284.8","8,860.0","-2.85%"
"Apr 30, 2018","9,284.8","9,405.5","9,500.0","9,183.4","-1.28%"
"Apr 29, 2018","9,405.5","9,405.7","9,560.0","9,190.0","-0.00%"
"Apr 28, 2018","9,405.7","8,957.2","9,624.6","8,925.9","5.01%"
"Apr 27, 2018","8,957.2","9,260.3","9,421.0","8,957.2","-3.27%"
"Apr 26, 2018","9,260.3","8,835.9","9,261.7","8,710.3","4.80%"
"Apr 25, 2018","8,835.9","9,658.3","9,750.0","8,820.0","-8.51%"
"Apr 24, 2018","9,658.3","8,900.1","9,658.3","8,832.9","8.52%"
"Apr 23, 2018","8,900.1","8,819.6","8,970.0","8,650.0","0.91%"
"Apr 22, 2018","8,819.6","8,902.6","9,069.6","8,441.0","-0.93%"
"Apr 21, 2018","8,902.6","8,748.1","8,975.0","8,470.2","1.77%"
"Apr 20, 2018","8,748.1","8,241.9","8,819.6","8,208.0","6.14%"
"Apr 19, 2018","8,241.9","8,126.4","8,300.0","8,094.1","1.42%"
"Apr 18, 2018","8,126.4","7,954.2","8,192.8","7,871.0","2.16%"
"Apr 17, 2018","7,954.2","8,046.0","8,277.0","7,808.6","-1.14%"
"Apr 16, 2018","8,046.0","8,327.6","8,496.0","7,901.1","-3.38%"
"Apr 15, 2018","8,327.6","8,003.4","8,350.1","7,990.3","4.05%"
"Apr 14, 2018","8,003.4","7,836.6","8,505.0","7,788.9","2.13%"
"Apr 13, 2018","7,836.6","7,879.5","8,389.0","7,692.0","-0.54%"
"Apr 12, 2018","7,879.5","6,940.0","7,942.0","6,446.0","13.54%"
"Apr 11, 2018","6,940.0","6,838.4","6,978.9","6,670.0","1.49%"
"Apr 10, 2018","6,838.4","6,775.5","6,885.0","6,691.5","0.93%"
"Apr 09, 2018","6,775.5","6,939.7","7,200.0","6,700.0","-2.37%"
"Apr 08, 2018","6,939.7","6,853.8","7,041.0","6,809.4","1.25%"
"Apr 07, 2018","6,853.8","6,575.7","7,071.9","6,551.3","4.23%"
"Apr 06, 2018","6,575.7","6,762.0","6,846.9","6,512.5","-2.76%"
"Apr 05, 2018","6,762.0","6,743.7","6,919.0","6,450.0","0.27%"
"Apr 04, 2018","6,743.7","7,289.4","7,330.3","6,730.0","-7.49%"
"Apr 03, 2018","7,289.4","6,995.6","7,499.0","6,953.7","4.20%"
"Apr 02, 2018","6,995.6","6,799.2","7,066.7","6,799.2","2.89%"
"Apr 01, 2018","6,799.2","6,944.3","7,065.6","6,450.0","-2.09%"
"Mar 31, 2018","6,944.3","6,839.2","7,239.0","6,733.0","1.54%"
"Mar 30, 2018","6,839.2","7,143.5","7,302.4","6,305.0","-4.26%"
"Mar 29, 2018","7,143.5","7,957.1","7,984.7","7,002.4","-10.22%"
"Mar 28, 2018","7,957.1","7,813.4","8,107.8","7,721.5","1.84%"
"Mar 27, 2018","7,813.4","8,227.3","8,370.0","7,800.0","-5.03%"
"Mar 26, 2018","8,227.3","8,436.3","8,720.8","7,800.0","-2.48%"
"Mar 25, 2018","8,436.3","8,538.0","8,898.0","8,405.0","-1.19%"
"Mar 24, 2018","8,538.0","8,858.1","8,960.5","8,538.0","-3.61%"
"Mar 23, 2018","8,858.1","8,728.4","8,858.1","8,000.1","1.49%"
"Mar 22, 2018","8,728.4","8,875.0","9,054.5","8,485.0","-1.65%"
"Mar 21, 2018","8,875.0","8,902.2","9,267.5","8,669.9","-0.31%"
"Mar 20, 2018","8,902.2","8,473.3","9,023.3","8,234.7","5.06%"
"Mar 19, 2018","8,473.3","8,070.0","8,622.6","7,951.9","5.00%"
"Mar 18, 2018","8,070.0","7,817.9","8,211.0","7,175.8","3.22%"
"Mar 17, 2018","7,817.9","8,223.4","8,282.8","7,675.9","-4.93%"
"Mar 16, 2018","8,223.4","8,182.9","8,503.0","7,913.3","0.49%"
"Mar 15, 2018","8,182.9","8,259.4","8,443.8","7,655.3","-0.93%"
"Mar 14, 2018","8,259.4","9,214.0","9,450.0","7,777.9","-10.36%"
"Mar 13, 2018","9,214.0","9,113.0","9,440.7","8,940.8","1.11%"
"Mar 12, 2018","9,113.0","9,478.8","9,800.0","8,751.0","-3.86%"
"Mar 11, 2018","9,478.8","8,784.4","9,664.4","8,543.8","7.90%"
"Mar 10, 2018","8,784.4","9,295.0","9,640.7","8,717.0","-5.49%"
"Mar 09, 2018","9,295.0","9,324.0","9,578.0","8,400.0","-0.31%"
"Mar 08, 2018","9,324.0","10,113.0","10,718.0","8,632.0","-7.80%"
"Mar 07, 2018","10,113.0","10,716.7","11,650.0","8,889.0","-5.63%"
"Mar 06, 2018","10,716.7","11,573.1","11,573.1","10,655.0","-7.40%"
"Mar 05, 2018","11,573.1","11,292.0","11,600.0","11,230.0","2.49%"
"Mar 04, 2018","11,292.0","11,362.3","11,401.0","11,026.0","-0.62%"
"Mar 03, 2018","11,362.3","11,037.4","11,521.0","10,982.0","2.94%"
"Mar 02, 2018","11,037.4","10,853.0","11,105.0","10,647.5","1.70%"
"Mar 01, 2018","10,853.0","10,371.0","10,980.0","10,317.9","4.65%"
"Feb 28, 2018","10,371.0","10,610.3","10,900.0","10,317.9","-2.26%"
"Feb 27, 2018","10,610.3","10,300.5","10,900.0","10,160.0","3.01%"
"Feb 26, 2018","10,300.5","9,532.5","10,368.0","9,323.6","8.06%"
"Feb 25, 2018","9,532.5","9,639.4","9,844.9","9,194.2","-1.11%"
"Feb 24, 2018","9,639.4","10,171.0","10,511.0","9,460.0","-5.23%"
"Feb 23, 2018","10,171.0","9,983.5","11,286.0","9,756.9","1.88%"
"Feb 22, 2018","9,983.5","10,455.5","10,932.8","9,771.4","-4.51%"
"Feb 21, 2018","10,455.5","11,501.1","11,521.1","10,000.0","-9.09%"
"Feb 20, 2018","11,501.1","10,970.0","11,900.0","10,911.1","4.84%"
"Feb 19, 2018","10,970.0","10,480.6","11,440.9","10,317.9","4.67%"
"Feb 18, 2018","10,480.6","10,974.0","11,215.0","10,033.5","-4.50%"
"Feb 17, 2018","10,974.0","10,050.0","11,048.0","10,012.7","9.19%"
"Feb 16, 2018","10,050.0","9,977.7","10,188.3","9,675.8","0.72%"
"Feb 15, 2018","9,977.7","9,300.0","10,290.0","9,241.9","7.29%"
"Feb 14, 2018","9,300.0","8,600.0","9,753.0","8,566.2","8.14%"
"Feb 13, 2018","8,600.0","8,847.8","9,298.0","8,345.4","-2.80%"
"Feb 12, 2018","8,847.8","8,087.1","9,030.0","8,087.1","9.41%"
"Feb 11, 2018","8,087.1","8,534.2","8,539.2","7,809.4","-5.24%"
"Feb 10, 2018","8,534.2","8,436.5","9,100.0","8,258.4","1.16%"
"Feb 09, 2018","8,436.5","8,205.7","8,659.3","7,947.0","2.81%"
"Feb 08, 2018","8,205.7","7,674.1","8,450.1","7,674.1","6.93%"
"Feb 07, 2018","7,674.1","7,626.0","8,420.7","7,206.4","0.63%"
"Feb 06, 2018","7,626.0","6,927.2","7,734.3","5,843.5","10.09%"
"Feb 05, 2018","6,927.2","8,433.3","8,629.1","6,422.1","-17.86%"
"Feb 04, 2018","8,433.3","9,218.0","9,381.9","7,647.8","-8.51%"
"Feb 03, 2018","9,218.0","9,063.4","9,549.3","8,477.8","1.71%"
"Feb 02, 2018","9,063.4","8,856.1","9,900.0","8,121.7","2.34%"
"Feb 01, 2018","8,856.1","10,215.7","10,985.0","8,856.1","-13.31%"
"Jan 31, 2018","10,215.7","10,364.0","11,419.0","9,938.4","-1.43%"
"Jan 30, 2018","10,364.0","11,384.0","11,451.8","10,053.0","-8.96%"
"Jan 29, 2018","11,384.0","11,874.7","11,961.4","11,114.0","-4.13%"
"Jan 28, 2018","11,874.7","11,380.3","12,237.9","11,330.0","4.34%"
"Jan 27, 2018","11,380.3","10,998.6","12,000.0","10,921.5","3.47%"
"Jan 26, 2018","10,998.6","11,255.7","11,579.2","9,823.5","-2.28%"
"Jan 25, 2018","11,255.7","11,240.0","11,750.0","11,000.0","0.14%"
"Jan 24, 2018","11,240.0","10,818.0","12,114.0","10,509.8","4.08%"
"Jan 23, 2018","10,799.0","10,695.0","11,928.0","10,000.0","0.97%"
"Jan 22, 2018","10,695.0","11,357.7","12,830.0","10,113.5","-5.83%"
"Jan 21, 2018","11,357.7","12,650.6","12,650.6","11,153.0","-10.22%"
"Jan 20, 2018","12,650.6","11,358.3","12,862.0","11,309.9","11.38%"
"Jan 19, 2018","11,358.3","10,998.1","11,653.7","10,498.0","3.27%"
"Jan 18, 2018","10,998.1","11,114.0","11,934.0","10,400.2","-1.84%"
"Jan 17, 2018","11,204.1","11,114.0","11,572.5","8,869.0","-12.97%"
"Jan 16, 2018","12,873.3","14,967.0","15,390.0","11,502.0","-13.99%"
"Jan 15, 2018","14,967.0","14,989.3","15,497.0","14,800.0","-0.15%"
"Jan 14, 2018","14,989.3","15,246.5","15,343.0","14,635.0","-1.69%"
"Jan 13, 2018","15,246.5","15,295.0","15,700.0","15,135.0","-0.32%"
"Jan 12, 2018","15,295.0","15,050.0","15,499.0","14,600.0","1.63%"
"Jan 11, 2018","15,050.0","16,200.0","16,400.0","14,360.0","-7.10%"
"Jan 10, 2018","16,200.0","15,600.0","16,200.0","14,900.0","3.85%"
"Jan 09, 2018","15,600.0","16,345.0","16,705.0","15,322.4","-4.56%"
"Jan 08, 2018","16,345.0","17,170.0","17,200.0","14,770.0","-4.80%"
"Jan 07, 2018","17,170.0","18,000.0","18,000.0","16,900.0","-4.61%"
"Jan 06, 2018","18,000.0","18,037.0","18,200.0","16,800.0","-0.21%"
"Jan 05, 2018","18,037.0","15,650.0","18,500.0","15,495.1","15.25%"
"Jan 04, 2018","15,650.0","15,300.0","15,746.9","14,333.3","2.29%"
"Jan 03, 2018","15,300.0","15,159.1","15,840.0","15,001.0","0.93%"
"Jan 02, 2018","15,159.1","14,278.5","16,150.0","13,999.0","6.17%"
"Jan 01, 2018","14,278.5","14,750.0","14,900.0","13,990.0","-3.20%"